project	tissue	method	log2_auprc_over_prior	log2_p20r	auROC	data_transformation	sample_num	counts_sample_sums_variance	median_spearman
SRP012682	bone_marrow	rlog_WTO	-0.04114320345233763	-0.12713839510677122	0.5266984219209689	rlog	102	42049900457199.79	0.9928019473064187
SRP012682	breast	rlog_WTO	0.055615479361038715	-0.10001255812376804	0.5410094559796725	rlog	218	18879247457177.68	0.8302414835111974
SRP012682	cervix_uteri	rlog_WTO	0.14657246000876717	0.03608922983595183	0.5612462497878496	rlog	11	5000055391623.473	0.8542408684699819
SRP012682	colon	rlog_WTO	-0.15367738026944483	-0.37295471665137536	0.4783392711450887	rlog	376	19519544599157.188	0.8005994571042859
SRP012682	fallopian_tube	rlog_WTO	2.6879930680193445	5.464081286758909	0.8605154246493818	rlog	7	23996813030299.906	0.8610602932806956
SRP012682	heart	rlog_WTO	1.2199599362723539	2.366799209623173	0.6342038855521146	rlog	489	39369470293725.52	0.8295588197843352
SRP012682	kidney	rlog_WTO	0.44648498882392174	0.8240996836515974	0.5699721623687957	rlog	36	22272752539960.25	0.7985829147013058
SRP012682	liver	rlog_WTO	0.9150130963284631	1.4094640253787976	0.6426487216368564	rlog	136	43479116110667.48	0.8611651199044741
SRP012682	lung	rlog_WTO	0.409901892068516	0.527977033102964	0.5695393975799341	rlog	374	43149889822933.25	0.8357935494798248
SRP012682	muscle	rlog_WTO	1.2272151641711309	2.365080204431527	0.6493922528583163	rlog	475	41509031431766.15	0.8758770579357273
SRP012682	nerve	rlog_WTO	0.16036207906930455	0.25152787805998206	0.537126422917023	rlog	335	30490143371729.26	0.8983040598566469
SRP012682	ovary	rlog_WTO	0.05767410940527519	0.11717729139401317	0.51322755296869	rlog	108	16778882363032.21	0.8929019389320334
SRP012682	pancreas	rlog_WTO	1.1087192074533603	1.9320804904847813	0.6279912945292558	rlog	197	25331676437836.96	0.9071555030828208
SRP012682	prostate	rlog_WTO	0.2681349661247928	0.5008454434574211	0.5250938114527308	rlog	119	19232108739791.59	0.8348637170990683
SRP012682	spleen	rlog_WTO	1.0564205305657994	1.8444333146298437	0.6668882151010891	rlog	118	14346446068866.951	0.9159208419930962
SRP012682	testis	rlog_WTO	0.6275779404561302	1.0913103928435626	0.5922068426355267	rlog	203	28511044450967.555	0.8975121198521843
SRP012682	uterus	rlog_WTO	0.28165822330623913	0.3268838045671736	0.5308787244801856	rlog	90	15946606709973.91	0.8770981722633059
SRP012682	bone_marrow	rlog	-0.009450640819394	-0.0455246295531193	0.5261833457308356	rlog	102	42049900457199.79	0.9928019473064187
SRP012682	breast	rlog	0.37840471423599387	0.6194509781857997	0.5697187662310981	rlog	218	18879247457177.68	0.8302414835111974
SRP012682	cervix_uteri	rlog	0.376214427716838	0.5138624844627585	0.5850988633062286	rlog	11	5000055391623.473	0.8542408684699819
SRP012682	colon	rlog	-0.14671404603358518	-0.14162917054491964	0.4773258712465669	rlog	376	19519544599157.188	0.8005994571042859
SRP012682	fallopian_tube	rlog	2.6505917392926137	5.31207819331386	0.8419957031646241	rlog	7	23996813030299.906	0.8610602932806956
SRP012682	heart	rlog	1.7025378207471122	3.522918411540455	0.6592486443127044	rlog	489	39369470293725.52	0.8295588197843352
SRP012682	kidney	rlog	0.6177207619058344	1.0778562758973804	0.5773912299996233	rlog	36	22272752539960.25	0.7985829147013058
SRP012682	liver	rlog	1.2699642129926865	2.435576865697929	0.6596830951055921	rlog	136	43479116110667.48	0.8611651199044741
SRP012682	lung	rlog	0.7229225641015536	1.1888659265422448	0.5919020930984296	rlog	374	43149889822933.25	0.8357935494798248
SRP012682	muscle	rlog	1.3442348475171053	3.2931552776289044	0.6680862296555858	rlog	475	41509031431766.15	0.8758770579357273
SRP012682	nerve	rlog	0.22918595659549082	0.42477346485775985	0.5384248608159581	rlog	335	30490143371729.26	0.8983040598566469
SRP012682	ovary	rlog	0.3772323103726437	0.8213649668429553	0.5408862813117494	rlog	108	16778882363032.21	0.8929019389320334
SRP012682	pancreas	rlog	1.6003244069088374	3.3795394674560026	0.6585604238439338	rlog	197	25331676437836.96	0.9071555030828208
SRP012682	prostate	rlog	0.5729020174422088	1.1871849645536594	0.5663586324154721	rlog	119	19232108739791.59	0.8348637170990683
SRP012682	spleen	rlog	1.4154224530245945	2.233475605375743	0.6915102608856856	rlog	118	14346446068866.951	0.9159208419930962
SRP012682	testis	rlog	0.755509719241928	1.3545625804033177	0.6020459062056709	rlog	203	28511044450967.555	0.8975121198521843
SRP012682	uterus	rlog	0.5673476662319255	1.0660672239831985	0.5715484095363017	rlog	90	15946606709973.91	0.8770981722633059
SRP012682	bone_marrow	rlog_CLR	0.16022827476597698	0.4369306310858316	0.5264868236613047	rlog	102	42049900457199.79	0.9928019473064187
SRP012682	breast	rlog_CLR	0.511801077595712	0.9979626014395294	0.5754722362577347	rlog	218	18879247457177.68	0.8302414835111974
SRP012682	cervix_uteri	rlog_CLR	0.6066836227999985	0.8029650825384861	0.5936825341619176	rlog	11	5000055391623.473	0.8542408684699819
SRP012682	colon	rlog_CLR	-0.10153813257042978	-0.20302971520906293	0.48513619804632313	rlog	376	19519544599157.188	0.8005994571042859
SRP012682	fallopian_tube	rlog_CLR	2.0823257053074036	2.546160771890153	0.793404894568571	rlog	7	23996813030299.906	0.8610602932806956
SRP012682	heart	rlog_CLR	1.6132996406340183	3.522007906593295	0.6602116632219506	rlog	489	39369470293725.52	0.8295588197843352
SRP012682	kidney	rlog_CLR	0.5970073103297862	1.2083994552378792	0.5782309090540885	rlog	36	22272752539960.25	0.7985829147013058
SRP012682	liver	rlog_CLR	1.2622455468655158	2.755213255111823	0.6616624120060841	rlog	136	43479116110667.48	0.8611651199044741
SRP012682	lung	rlog_CLR	0.6608451606440042	1.5267208771325385	0.5918338521803719	rlog	374	43149889822933.25	0.8357935494798248
SRP012682	muscle	rlog_CLR	1.3632544008659075	2.848626481640661	0.6761072166276918	rlog	475	41509031431766.15	0.8758770579357273
SRP012682	nerve	rlog_CLR	0.2584661370514589	0.4649015775630693	0.5403169275075257	rlog	335	30490143371729.26	0.8983040598566469
SRP012682	ovary	rlog_CLR	0.45496008910756375	0.8009008642832399	0.5520843955573014	rlog	108	16778882363032.21	0.8929019389320334
SRP012682	pancreas	rlog_CLR	1.5158874092296521	3.3795394674560026	0.6553729901027623	rlog	197	25331676437836.96	0.9071555030828208
SRP012682	prostate	rlog_CLR	0.6159203945587861	1.1871849645536594	0.5700346884618135	rlog	119	19232108739791.59	0.8348637170990683
SRP012682	spleen	rlog_CLR	1.4681565791533515	2.578475513589284	0.692381855070284	rlog	118	14346446068866.951	0.9159208419930962
SRP012682	testis	rlog_CLR	0.6286439472131804	1.206251392067068	0.5950793363730043	rlog	203	28511044450967.555	0.8975121198521843
SRP012682	uterus	rlog_CLR	0.6211726561896587	1.105415891459024	0.5767560788717319	rlog	90	15946606709973.91	0.8770981722633059
SRP012682	bone_marrow	VST_WTO	-0.03227524676219544	0.02486469833827887	0.5266983952272	VST	102	42049900457199.79	0.9928019473064187
SRP012682	breast	VST_WTO	0.05064485807142585	-0.10979357891635337	0.5406355237934406	VST	218	18879247457177.68	0.8302414835111974
SRP012682	cervix_uteri	VST_WTO	0.14597891040719513	0.013005616722910888	0.5617501600218766	VST	11	5000055391623.473	0.8542408684699819
SRP012682	colon	VST_WTO	-0.15358834852148606	-0.37295471665137536	0.4791791679207975	VST	376	19519544599157.188	0.8005994571042859
SRP012682	fallopian_tube	VST_WTO	2.698935380094488	5.464081286758909	0.8598547431299473	VST	7	23996813030299.906	0.8610602932806956
SRP012682	heart	VST_WTO	1.288460000721354	2.4074411941205187	0.6391370466840556	VST	489	39369470293725.52	0.8295588197843352
SRP012682	kidney	VST_WTO	0.4550111614589613	0.8736817125021578	0.5706926258336793	VST	36	22272752539960.25	0.7985829147013058
SRP012682	liver	VST_WTO	0.9436294385015361	1.4997473856915158	0.6445565181587583	VST	136	43479116110667.48	0.8611651199044741
SRP012682	lung	VST_WTO	0.3999492656249776	0.5041302911485961	0.5665445038709827	VST	374	43149889822933.25	0.8357935494798248
SRP012682	muscle	VST_WTO	1.2240979005083124	2.3518645849273634	0.6530769957527056	VST	475	41509031431766.15	0.8758770579357273
SRP012682	nerve	VST_WTO	0.1565288398081346	0.25152787805998206	0.5359374009653557	VST	335	30490143371729.26	0.8983040598566469
SRP012682	ovary	VST_WTO	0.06330137284935114	0.11717729139401317	0.5143815290898459	VST	108	16778882363032.21	0.8929019389320334
SRP012682	pancreas	VST_WTO	1.1103362703530688	2.0576113725686405	0.6320255847909664	VST	197	25331676437836.96	0.9071555030828208
SRP012682	prostate	VST_WTO	0.2597873640627581	0.5008454434574211	0.5266877620114734	VST	119	19232108739791.59	0.8348637170990683
SRP012682	spleen	VST_WTO	1.0637194794888065	1.9115475104883808	0.6698229194802856	VST	118	14346446068866.951	0.9159208419930962
SRP012682	testis	VST_WTO	0.6427569859182797	1.075543076985246	0.5924850596254352	VST	203	28511044450967.555	0.8975121198521843
SRP012682	uterus	VST_WTO	0.28872673196782883	0.3406896040922041	0.5307956819606652	VST	90	15946606709973.91	0.8770981722633059
SRP012682	bone_marrow	VST	7.992515740227891e-4	0.10732685853025173	0.5278354131650467	VST	102	42049900457199.79	0.9928019473064187
SRP012682	breast	VST	0.36874980338514957	0.6093973135218765	0.5697465825456227	VST	218	18879247457177.68	0.8302414835111974
SRP012682	cervix_uteri	VST	0.3760639389041516	0.5138624844627585	0.5855078686177144	VST	11	5000055391623.473	0.8542408684699819
SRP012682	colon	VST	-0.14656953200157954	-0.26716005262877857	0.47715795864189303	VST	376	19519544599157.188	0.8005994571042859
SRP012682	fallopian_tube	VST	2.665415611850274	5.31207819331386	0.839793368899759	VST	7	23996813030299.906	0.8610602932806956
SRP012682	heart	VST	1.738375680822813	3.629833615456967	0.666623792293418	VST	489	39369470293725.52	0.8295588197843352
SRP012682	kidney	VST	0.617273980586504	1.0496593840667285	0.5772649518203252	VST	36	22272752539960.25	0.7985829147013058
SRP012682	liver	VST	1.277788062911932	2.4612254530685393	0.6606827098110593	VST	136	43479116110667.48	0.8611651199044741
SRP012682	lung	VST	0.7047226605888006	1.1888659265422448	0.5876053610210015	VST	374	43149889822933.25	0.8357935494798248
SRP012682	muscle	VST	1.3617666814429958	3.2931552776289044	0.6727204264670981	VST	475	41509031431766.15	0.8758770579357273
SRP012682	nerve	VST	0.2220141677759703	0.4061577866904127	0.5368526872210886	VST	335	30490143371729.26	0.8983040598566469
SRP012682	ovary	VST	0.3766312943038568	0.8009008642832399	0.5418096960427192	VST	108	16778882363032.21	0.8929019389320334
SRP012682	pancreas	VST	1.6062982355241735	3.3795394674560026	0.6612489487857154	VST	197	25331676437836.96	0.9071555030828208
SRP012682	prostate	VST	0.5839401979450652	1.1871849645536594	0.5686962639506064	VST	119	19232108739791.59	0.8348637170990683
SRP012682	spleen	VST	1.436301180914579	2.297605942795459	0.6934082162797957	VST	118	14346446068866.951	0.9159208419930962
SRP012682	testis	VST	0.7468080392784301	1.3491081503112095	0.60155259131243	VST	203	28511044450967.555	0.8975121198521843
SRP012682	uterus	VST	0.5708905793136535	1.0727003163156454	0.5711793778854855	VST	90	15946606709973.91	0.8770981722633059
SRP012682	bone_marrow	VST_CLR	0.09610148989287477	0.34382122669435006	0.5205023476946096	VST	102	42049900457199.79	0.9928019473064187
SRP012682	breast	VST_CLR	0.5036531663896671	0.9097025967094436	0.5751865222221788	VST	218	18879247457177.68	0.8302414835111974
SRP012682	cervix_uteri	VST_CLR	0.6131617632358064	0.8185198967333277	0.594233229634316	VST	11	5000055391623.473	0.8542408684699819
SRP012682	colon	VST_CLR	-0.08869923517254205	-0.14162917054491964	0.4878236594306955	VST	376	19519544599157.188	0.8005994571042859
SRP012682	fallopian_tube	VST_CLR	2.105726795569635	2.8940840753104595	0.7915492353005575	VST	7	23996813030299.906	0.8610602932806956
SRP012682	heart	VST_CLR	1.6220455864184138	3.5823805245727764	0.6678235718314447	VST	489	39369470293725.52	0.8295588197843352
SRP012682	kidney	VST_CLR	0.5704002386133857	1.1108829493236165	0.576558118627954	VST	36	22272752539960.25	0.7985829147013058
SRP012682	liver	VST_CLR	1.2799191970069006	2.789321109432087	0.6639038276755542	VST	136	43479116110667.48	0.8611651199044741
SRP012682	lung	VST_CLR	0.6128312356685044	1.5267208771325385	0.5871807399315969	VST	374	43149889822933.25	0.8357935494798248
SRP012682	muscle	VST_CLR	1.375200804011351	3.2652312760664652	0.6803108780210678	VST	475	41509031431766.15	0.8758770579357273
SRP012682	nerve	VST_CLR	0.24761386226471033	0.44679977118775865	0.5390488281061927	VST	335	30490143371729.26	0.8983040598566469
SRP012682	ovary	VST_CLR	0.4470281016656339	0.8009008642832399	0.5521138872962155	VST	108	16778882363032.21	0.8929019389320334
SRP012682	pancreas	VST_CLR	1.5669677917935483	3.4950166848759388	0.6594040010350071	VST	197	25331676437836.96	0.9071555030828208
SRP012682	prostate	VST_CLR	0.6155588005882764	1.1871849645536594	0.5733637501263082	VST	119	19232108739791.59	0.8348637170990683
SRP012682	spleen	VST_CLR	1.492254336297647	2.6455897094478207	0.6941938213052197	VST	118	14346446068866.951	0.9159208419930962
SRP012682	testis	VST_CLR	0.6123888974987456	1.1626950260803282	0.5943901012414692	VST	203	28511044450967.555	0.8975121198521843
SRP012682	uterus	VST_CLR	0.6054949829109891	1.092418550930151	0.5748420192673329	VST	90	15946606709973.91	0.8770981722633059
SRP012682	bone_marrow	WTO	0.4046436312406363	0.7618302925044848	0.5889456073001789	asinh	102	42049900457199.79	0.9928019473064187
SRP012682	breast	WTO	0.9911239958776056	1.561779293289137	0.6919821639932806	asinh	218	18879247457177.68	0.8302414835111974
SRP012682	cervix_uteri	WTO	0.5312459652139742	0.5705619601034152	0.6357812513724994	asinh	11	5000055391623.473	0.8542408684699819
SRP012682	colon	WTO	0.0645341304336803	0.08647690198592187	0.5191470590750917	asinh	376	19519544599157.188	0.8005994571042859
SRP012682	fallopian_tube	WTO	1.9072917468050476	2.8791187860377536	0.8112933647984271	asinh	7	23996813030299.906	0.8610602932806956
SRP012682	heart	WTO	-0.13000755725902077	-0.374413355643219	0.48225824168527964	asinh	489	39369470293725.52	0.8295588197843352
SRP012682	kidney	WTO	0.2136334682112858	0.525758409081851	0.5441616468032713	asinh	36	22272752539960.25	0.7985829147013058
SRP012682	liver	WTO	0.5403630186486391	0.8963445358475123	0.6022366309491538	asinh	136	43479116110667.48	0.8611651199044741
SRP012682	lung	WTO	0.01300823721265521	0.14156021176388794	0.5072393219342821	asinh	374	43149889822933.25	0.8357935494798248
SRP012682	muscle	WTO	0.24697211958879234	0.27761736318118796	0.5492483531139705	asinh	475	41509031431766.15	0.8758770579357273
SRP012682	nerve	WTO	0.02383278433066972	0.1763856639803844	0.48911891482349645	asinh	335	30490143371729.26	0.8983040598566469
SRP012682	ovary	WTO	1.0995057201802418	1.5366882672521651	0.6972013559687973	asinh	108	16778882363032.21	0.8929019389320334
SRP012682	pancreas	WTO	-0.2517614054838131	-0.32090025068508943	0.4407380671709227	asinh	197	25331676437836.96	0.9071555030828208
SRP012682	prostate	WTO	0.68731243482704	1.0858079441785775	0.6028034450138335	asinh	119	19232108739791.59	0.8348637170990683
SRP012682	spleen	WTO	-0.5656663980608492	-1.2586008382728973	0.35914258507777497	asinh	118	14346446068866.951	0.9159208419930962
SRP012682	testis	WTO	0.4876044729299375	0.758670519523902	0.5985126110936676	asinh	203	28511044450967.555	0.8975121198521843
SRP012682	uterus	WTO	1.2488136061504058	1.8806853738018692	0.7130346951418396	asinh	90	15946606709973.91	0.8770981722633059
SRP012682	bone_marrow	counts	0.06980930854951967	-0.23816970749551522	0.5669591698819048	asinh	102	42049900457199.79	0.9928019473064187
SRP012682	breast	counts	1.2282633528524676	1.9573206169421835	0.7193793146367184	asinh	218	18879247457177.68	0.8302414835111974
SRP012682	cervix_uteri	counts	0.7698877071366739	0.9613214614339798	0.6576577639824279	asinh	11	5000055391623.473	0.8542408684699819
SRP012682	colon	counts	0.17611649587630376	0.349511307819716	0.53930224369212	asinh	376	19519544599157.188	0.8005994571042859
SRP012682	fallopian_tube	counts	2.250749436976626	4.31207819331386	0.8213360856621641	asinh	7	23996813030299.906	0.8610602932806956
SRP012682	heart	counts	1.2735012677193924	2.485443706121792	0.6376308828838724	asinh	489	39369470293725.52	0.8295588197843352
SRP012682	kidney	counts	0.6048708651354319	1.0014042154595075	0.6074156283883347	asinh	36	22272752539960.25	0.7985829147013058
SRP012682	liver	counts	1.1610005567292487	2.013188589031354	0.6876741197487348	asinh	136	43479116110667.48	0.8611651199044741
SRP012682	lung	counts	0.5457491406124629	1.1415602117638879	0.6045614104022654	asinh	374	43149889822933.25	0.8357935494798248
SRP012682	muscle	counts	1.2072721666749915	2.124151831657652	0.6841688204928644	asinh	475	41509031431766.15	0.8758770579357273
SRP012682	nerve	counts	0.1743094550857125	0.35001450154405056	0.5262253944855289	asinh	335	30490143371729.26	0.8983040598566469
SRP012682	ovary	counts	1.190600257107816	1.8415428487805858	0.6969260885759461	asinh	108	16778882363032.21	0.8929019389320334
SRP012682	pancreas	counts	0.47505178240168683	0.5721845453983986	0.5748105423927079	asinh	197	25331676437836.96	0.9071555030828208
SRP012682	prostate	counts	0.9576184832971718	1.497287624044232	0.641198752732631	asinh	119	19232108739791.59	0.8348637170990683
SRP012682	spleen	counts	0.29431089424612555	0.45211589185108353	0.5846681998020422	asinh	118	14346446068866.951	0.9159208419930962
SRP012682	testis	counts	0.8277199447156474	1.3761763935093803	0.6363299242902478	asinh	203	28511044450967.555	0.8975121198521843
SRP012682	uterus	counts	1.4211648622116446	2.032436446101918	0.7346631798613394	asinh	90	15946606709973.91	0.8770981722633059
SRP012682	bone_marrow	CLR	0.08986714421078996	-0.13010996163806215	0.5740874420401951	asinh	102	42049900457199.79	0.9928019473064187
SRP012682	breast	CLR	1.0505637606114675	1.6280129916892236	0.6933763573389342	asinh	218	18879247457177.68	0.8302414835111974
SRP012682	cervix_uteri	CLR	0.6480885501511654	0.932400419078261	0.6455486598342581	asinh	11	5000055391623.473	0.8542408684699819
SRP012682	colon	CLR	0.1714627622348866	0.47504218990357483	0.5306525967688849	asinh	376	19519544599157.188	0.8005994571042859
SRP012682	fallopian_tube	CLR	2.6031515948981836	3.408657248140218	0.8154317922098926	asinh	7	23996813030299.906	0.8610602932806956
SRP012682	heart	CLR	1.7195786075003252	4.365888704676013	0.6721392126209516	asinh	489	39369470293725.52	0.8295588197843352
SRP012682	kidney	CLR	0.6832285458818962	1.1701801330073889	0.6114069016136767	asinh	36	22272752539960.25	0.7985829147013058
SRP012682	liver	CLR	1.401312118059837	2.822641182632114	0.6974371849615295	asinh	136	43479116110667.48	0.8611651199044741
SRP012682	lung	CLR	0.7159475930742362	1.233413460184944	0.6154729921922879	asinh	374	43149889822933.25	0.8357935494798248
SRP012682	muscle	CLR	1.4648357468732334	3.3474323386121023	0.7058322714612046	asinh	475	41509031431766.15	0.8758770579357273
SRP012682	nerve	CLR	0.2835455716324722	0.42477346485775985	0.5448323030759177	asinh	335	30490143371729.26	0.8983040598566469
SRP012682	ovary	CLR	0.9311584419150708	1.195179803395286	0.6635142722074576	asinh	108	16778882363032.21	0.8929019389320334
SRP012682	pancreas	CLR	1.434351403691502	3.254008585372144	0.6125187170092055	asinh	197	25331676437836.96	0.9071555030828208
SRP012682	prostate	CLR	0.8572795318884436	1.4566456395468863	0.6378863762352296	asinh	119	19232108739791.59	0.8348637170990683
SRP012682	spleen	CLR	1.1104003925685595	2.16343801431044	0.6589980003514064	asinh	118	14346446068866.951	0.9159208419930962
SRP012682	testis	CLR	0.7827344498058798	1.3491081503112095	0.623917220836752	asinh	203	28511044450967.555	0.8975121198521843
SRP012682	uterus	CLR	1.108280672762818	1.600448877893137	0.6973548693512974	asinh	90	15946606709973.91	0.8770981722633059
SRP012682	bone_marrow	QNT_WTO	-0.026390758468144936	-0.17676916283137178	0.5347492856877238	asinh	102	42049900457199.79	0.9928019473064187
SRP012682	breast	QNT_WTO	0.07098568221605195	-0.022215280498100707	0.530380474220955	asinh	218	18879247457177.68	0.8302414835111974
SRP012682	cervix_uteri	QNT_WTO	0.05711487630663865	-0.16955769384032177	0.5399213284413662	asinh	11	5000055391623.473	0.8542408684699819
SRP012682	colon	QNT_WTO	-0.14737289241852297	-0.26192340426263133	0.4867367787457546	asinh	376	19519544599157.188	0.8005994571042859
SRP012682	fallopian_tube	QNT_WTO	3.14929940732678	5.049043787480066	0.8431769060446115	asinh	7	23996813030299.906	0.8610602932806956
SRP012682	heart	QNT_WTO	1.2003106818710148	2.338143714193109	0.6275940933457846	asinh	489	39369470293725.52	0.8295588197843352
SRP012682	kidney	QNT_WTO	0.4039808462979348	0.7454274788953333	0.5632677750686028	asinh	36	22272752539960.25	0.7985829147013058
SRP012682	liver	QNT_WTO	0.8425187644171203	1.2461116778599715	0.6283256346454102	asinh	136	43479116110667.48	0.8611651199044741
SRP012682	lung	QNT_WTO	0.3154710317286221	0.4737277895186541	0.5636297651805542	asinh	374	43149889822933.25	0.8357935494798248
SRP012682	muscle	QNT_WTO	1.1111635036720524	2.329565917818589	0.630503187610465	asinh	475	41509031431766.15	0.8758770579357273
SRP012682	nerve	QNT_WTO	0.13511517495281164	0.2292750712128545	0.5296612134567589	asinh	335	30490143371729.26	0.8983040598566469
SRP012682	ovary	QNT_WTO	0.29019998750499576	0.4789727693958776	0.5521251457775946	asinh	108	16778882363032.21	0.8929019389320334
SRP012682	pancreas	QNT_WTO	1.2782852693182176	2.254008585372144	0.6219350294902597	asinh	197	25331676437836.96	0.9071555030828208
SRP012682	prostate	QNT_WTO	0.1488383924951376	0.26964712474563246	0.5023548878310251	asinh	119	19232108739791.59	0.8348637170990683
SRP012682	spleen	QNT_WTO	0.8829897036790537	1.511009580904652	0.6497581625216036	asinh	118	14346446068866.951	0.9159208419930962
SRP012682	testis	QNT_WTO	0.6247583940221259	1.1682120310478938	0.5911764350153454	asinh	203	28511044450967.555	0.8975121198521843
SRP012682	uterus	QNT_WTO	0.2988745550774218	0.4406526795247481	0.5324367389445825	asinh	90	15946606709973.91	0.8770981722633059
SRP012682	bone_marrow	QNT	0.005690229430597495	-0.11263882541165612	0.5360925090848738	asinh	102	42049900457199.79	0.9928019473064187
SRP012682	breast	QNT	0.35901384093462413	0.6093973135218765	0.5582992610267326	asinh	218	18879247457177.68	0.8302414835111974
SRP012682	cervix_uteri	QNT	0.2561878796227932	0.29440122542734265	0.5599564312660767	asinh	11	5000055391623.473	0.8542408684699819
SRP012682	colon	QNT	-0.12119712186965842	-0.26192340426263133	0.4887484465932168	asinh	376	19519544599157.188	0.8005994571042859
SRP012682	fallopian_tube	QNT	2.698141735829797	4.949508113929151	0.8221356878331534	asinh	7	23996813030299.906	0.8610602932806956
SRP012682	heart	QNT	1.6874638529689923	4.061034123147592	0.6615779637771979	asinh	489	39369470293725.52	0.8295588197843352
SRP012682	kidney	QNT	0.5322770852573095	0.9888330779801945	0.568712009063919	asinh	36	22272752539960.25	0.7985829147013058
SRP012682	liver	QNT	1.1643194895580218	2.3828698153670844	0.6495041766405585	asinh	136	43479116110667.48	0.8611651199044741
SRP012682	lung	QNT	0.6895837330809739	1.3575347720141318	0.5851568061969381	asinh	374	43149889822933.25	0.8357935494798248
SRP012682	muscle	QNT	1.2583833514979	2.81049135275389	0.659305798643512	asinh	475	41509031431766.15	0.8758770579357273
SRP012682	nerve	QNT	0.1811944250734953	0.3536622785591949	0.5295235240509477	asinh	335	30490143371729.26	0.8983040598566469
SRP012682	ovary	QNT	0.5162371367434836	0.9790463725305206	0.567774427419149	asinh	108	16778882363032.21	0.8929019389320334
SRP012682	pancreas	QNT	1.3714951450128494	4.116505061622209	0.645291482654418	asinh	197	25331676437836.96	0.9071555030828208
SRP012682	prostate	QNT	0.4275660289975579	0.7721474652748155	0.5470539819998557	asinh	119	19232108739791.59	0.8348637170990683
SRP012682	spleen	QNT	1.273821431396611	2.095972081625808	0.6768408661200205	asinh	118	14346446068866.951	0.9159208419930962
SRP012682	testis	QNT	0.6919216916562826	1.2008782199682162	0.5967158185054089	asinh	203	28511044450967.555	0.8975121198521843
SRP012682	uterus	QNT	0.5954178153062419	1.0793030511398927	0.5740096573697215	asinh	90	15946606709973.91	0.8770981722633059
SRP012682	bone_marrow	QNT_CLR	0.07998068637097222	-0.048496196084410276	0.5337145574339068	asinh	102	42049900457199.79	0.9928019473064187
SRP012682	breast	QNT_CLR	0.47456618995587957	0.8704431662622166	0.561109486907533	asinh	218	18879247457177.68	0.8302414835111974
SRP012682	cervix_uteri	QNT_CLR	0.3553112571375176	0.4965918018459653	0.5599286047304268	asinh	11	5000055391623.473	0.8542408684699819
SRP012682	colon	QNT_CLR	-0.12882267811147277	-0.44403781471285797	0.49084813263861804	asinh	376	19519544599157.188	0.8005994571042859
SRP012682	fallopian_tube	QNT_CLR	2.281673202774004	3.202206370672792	0.7857608533153382	asinh	7	23996813030299.906	0.8610602932806956
SRP012682	heart	QNT_CLR	1.6565697240225168	3.534286236371732	0.6628295091685033	asinh	489	39369470293725.52	0.8295588197843352
SRP012682	kidney	QNT_CLR	0.5096460684100541	1.0084618847291271	0.568785283986422	asinh	36	22272752539960.25	0.7985829147013058
SRP012682	liver	QNT_CLR	1.1450083823823884	2.401000948529023	0.6492920704822858	asinh	136	43479116110667.48	0.8611651199044741
SRP012682	lung	QNT_CLR	0.6501893626766551	1.3575347720141318	0.5860566618303196	asinh	374	43149889822933.25	0.8357935494798248
SRP012682	muscle	QNT_CLR	1.2052170030209863	2.7844961442209453	0.6618064099876655	asinh	475	41509031431766.15	0.8758770579357273
SRP012682	nerve	QNT_CLR	0.1971647743970926	0.35001450154405056	0.5302697939493761	asinh	335	30490143371729.26	0.8983040598566469
SRP012682	ovary	QNT_CLR	0.4488990026242352	0.8009008642832399	0.5641166901047541	asinh	108	16778882363032.21	0.8929019389320334
SRP012682	pancreas	QNT_CLR	1.3668859804666427	3.3795394674560026	0.6434443768158786	asinh	197	25331676437836.96	0.9071555030828208
SRP012682	prostate	QNT_CLR	0.39040452881618326	0.7196800453806799	0.5508791695260236	asinh	119	19232108739791.59	0.8348637170990683
SRP012682	spleen	QNT_CLR	1.3175190339050267	2.0190481049752655	0.6765052304216894	asinh	118	14346446068866.951	0.9159208419930962
SRP012682	testis	QNT_CLR	0.8437500196783708	1.5526415443963413	0.6054363266709437	asinh	203	28511044450967.555	0.8975121198521843
SRP012682	uterus	QNT_CLR	0.5758631897277081	1.0256151802459044	0.5734400826538106	asinh	90	15946606709973.91	0.8770981722633059
SRP012682	bone_marrow	TMM_WTO	0.36243533206469103	0.7618302925044848	0.5877069497619729	asinh	102	42049900457199.79	0.9928019473064187
SRP012682	breast	TMM_WTO	1.088905913465871	1.561779293289137	0.7037393366419273	asinh	218	18879247457177.68	0.8302414835111974
SRP012682	cervix_uteri	TMM_WTO	0.6623054650917723	0.7203133619301848	0.6649975304493054	asinh	11	5000055391623.473	0.8542408684699819
SRP012682	colon	TMM_WTO	0.017814910605783704	0.21200778406978069	0.509069759859635	asinh	376	19519544599157.188	0.8005994571042859
SRP012682	fallopian_tube	TMM_WTO	0.8173174453840398	0.8526465746765626	0.7196766449140917	asinh	7	23996813030299.906	0.8610602932806956
SRP012682	heart	TMM_WTO	0.20627959078853456	0.26553056884780296	0.5644323573405678	asinh	489	39369470293725.52	0.8295588197843352
SRP012682	kidney	TMM_WTO	0.28737485284639175	0.4262227355309368	0.5640490968489722	asinh	36	22272752539960.25	0.7985829147013058
SRP012682	liver	TMM_WTO	0.7195363946271862	1.1229634470871068	0.6360609790426324	asinh	136	43479116110667.48	0.8611651199044741
SRP012682	lung	TMM_WTO	0.011750961600428805	0.1654069537182556	0.5063444119151832	asinh	374	43149889822933.25	0.8357935494798248
SRP012682	muscle	TMM_WTO	0.5512940130245167	0.7310568852594849	0.6183711883764573	asinh	475	41509031431766.15	0.8758770579357273
SRP012682	nerve	TMM_WTO	0.023742479440096113	0.22178053466593015	0.4884439375164291	asinh	335	30490143371729.26	0.8983040598566469
SRP012682	ovary	TMM_WTO	0.9765816125025926	1.2565803480594295	0.6886772065359992	asinh	108	16778882363032.21	0.8929019389320334
SRP012682	pancreas	TMM_WTO	0.08867466792292918	-0.07989215118129468	0.5282297361327757	asinh	197	25331676437836.96	0.9071555030828208
SRP012682	prostate	TMM_WTO	0.8339807285754361	1.5497550439383676	0.6172903175647662	asinh	119	19232108739791.59	0.8348637170990683
SRP012682	spleen	TMM_WTO	-0.5124936143477885	-1.0961739180617878	0.3822785391062755	asinh	118	14346446068866.951	0.9159208419930962
SRP012682	testis	TMM_WTO	0.2740655776052348	0.3921768722030954	0.5750117693573813	asinh	203	28511044450967.555	0.8975121198521843
SRP012682	uterus	TMM_WTO	1.2379150914439805	1.639268126783665	0.7231643313640603	asinh	90	15946606709973.91	0.8770981722633059
SRP012682	bone_marrow	TMM	0.07329697160254182	-0.23816970749551522	0.5673720501532387	asinh	102	42049900457199.79	0.9928019473064187
SRP012682	breast	TMM	1.1752541912957637	1.9260696829577437	0.70922786961588	asinh	218	18879247457177.68	0.8302414835111974
SRP012682	cervix_uteri	TMM	0.9371804634458359	1.2158754797945401	0.6860598738385129	asinh	11	5000055391623.473	0.8542408684699819
SRP012682	colon	TMM	0.18132809128196334	0.574577863454489	0.5347665483831641	asinh	376	19519544599157.188	0.8005994571042859
SRP012682	fallopian_tube	TMM	1.7260241519527972	3.3120781933138597	0.7827862392097487	asinh	7	23996813030299.906	0.8610602932806956
SRP012682	heart	TMM	1.4758551361434185	3.2375161926782066	0.6605406171286674	asinh	489	39369470293725.52	0.8295588197843352
SRP012682	kidney	TMM	0.5875092546420134	1.030550561119024	0.5917495970901498	asinh	36	22272752539960.25	0.7985829147013058
SRP012682	liver	TMM	1.3032381922056493	2.3693865860034626	0.695243552033773	asinh	136	43479116110667.48	0.8611651199044741
SRP012682	lung	TMM	0.5469521406200758	1.1173126655172108	0.602363885038887	asinh	374	43149889822933.25	0.8357935494798248
SRP012682	muscle	TMM	1.4039819168954615	2.6942983352493672	0.7137455384824918	asinh	475	41509031431766.15	0.8758770579357273
SRP012682	nerve	TMM	0.17619801047918193	0.3609302790232341	0.5259209661806743	asinh	335	30490143371729.26	0.8983040598566469
SRP012682	ovary	TMM	1.12837157199652	1.5989725455065078	0.6905351415733172	asinh	108	16778882363032.21	0.8929019389320334
SRP012682	pancreas	TMM	0.9952949519748638	1.7945769667348466	0.6132757339999273	asinh	197	25331676437836.96	0.9071555030828208
SRP012682	prostate	TMM	1.0371963635490924	1.649290717489282	0.6521439547747647	asinh	119	19232108739791.59	0.8348637170990683
SRP012682	spleen	TMM	0.34429020734962235	0.3907153471869402	0.5967522491076842	asinh	118	14346446068866.951	0.9159208419930962
SRP012682	testis	TMM	0.7632584167021296	1.1682120310478938	0.6258345768521032	asinh	203	28511044450967.555	0.8975121198521843
SRP012682	uterus	TMM	1.4047533187863428	2.0594034937021877	0.7387466174999489	asinh	90	15946606709973.91	0.8770981722633059
SRP012682	bone_marrow	TMM_CLR	0.09060541099176483	-0.13010996163806215	0.5740874420198132	asinh	102	42049900457199.79	0.9928019473064187
SRP012682	breast	TMM_CLR	1.0963779749867992	1.5422831176633396	0.6901380048130683	asinh	218	18879247457177.68	0.8302414835111974
SRP012682	cervix_uteri	TMM_CLR	0.8031004254082449	1.089269267695127	0.6717429309070475	asinh	11	5000055391623.473	0.8542408684699819
SRP012682	colon	TMM_CLR	0.2055188069295063	0.555962185287142	0.5262020879010123	asinh	376	19519544599157.188	0.8005994571042859
SRP012682	fallopian_tube	TMM_CLR	2.511155903346987	4.671691653974012	0.8135058522342753	asinh	7	23996813030299.906	0.8610602932806956
SRP012682	heart	TMM_CLR	1.749780850066719	3.617427471671977	0.6801934766619873	asinh	489	39369470293725.52	0.8295588197843352
SRP012682	kidney	TMM_CLR	0.6526408029626107	1.1701801330073889	0.5936734040992739	asinh	36	22272752539960.25	0.7985829147013058
SRP012682	liver	TMM_CLR	1.394281621139914	2.8094053554754197	0.6969309262751366	asinh	136	43479116110667.48	0.8611651199044741
SRP012682	lung	TMM_CLR	0.6971553229206368	1.1403040557934625	0.6138465763238123	asinh	374	43149889822933.25	0.8357935494798248
SRP012682	muscle	TMM_CLR	1.4814032016774967	3.246310414169237	0.7176181171907494	asinh	475	41509031431766.15	0.8758770579357273
SRP012682	nerve	TMM_CLR	0.28598474035964155	0.42846794841550134	0.5447914147848607	asinh	335	30490143371729.26	0.8983040598566469
SRP012682	ovary	TMM_CLR	0.894044914177142	1.2159383635620837	0.6602992683915581	asinh	108	16778882363032.21	0.8929019389320334
SRP012682	pancreas	TMM_CLR	1.452811465702342	3.1165050616222087	0.6264657423298736	asinh	197	25331676437836.96	0.9071555030828208
SRP012682	prostate	TMM_CLR	0.9436497968317205	1.497287624044232	0.6462778172985999	asinh	119	19232108739791.59	0.8348637170990683
SRP012682	spleen	TMM_CLR	1.1731264106955805	2.093048686419042	0.6641713635742974	asinh	118	14346446068866.951	0.9159208419930962
SRP012682	testis	TMM_CLR	0.8038450711807554	1.3545625804033177	0.6201671195005396	asinh	203	28511044450967.555	0.8975121198521843
SRP012682	uterus	TMM_CLR	1.1382517602174895	1.6456376516593925	0.7013859757483196	asinh	90	15946606709973.91	0.8770981722633059
SRP012682	bone_marrow	UQ_WTO	0.3342262393127171	0.7618302925044848	0.5858489589357241	asinh	102	42049900457199.79	0.9928019473064187
SRP012682	breast	UQ_WTO	1.1094581111978128	1.5810155121520544	0.7049383766431987	asinh	218	18879247457177.68	0.8302414835111974
SRP012682	cervix_uteri	UQ_WTO	0.6732357604022564	0.7282849538821358	0.6653226033305835	asinh	11	5000055391623.473	0.8542408684699819
SRP012682	colon	UQ_WTO	0.015920361340864723	0.1340052720685079	0.5092387307292832	asinh	376	19519544599157.188	0.8005994571042859
SRP012682	fallopian_tube	UQ_WTO	0.9416312354602316	1.1421531918715475	0.7359738785747574	asinh	7	23996813030299.906	0.8610602932806956
SRP012682	heart	UQ_WTO	0.27145933080711204	0.42073801673397676	0.5736265831092808	asinh	489	39369470293725.52	0.8295588197843352
SRP012682	kidney	UQ_WTO	0.3810168630682068	0.6423887678315747	0.5796592894749963	asinh	36	22272752539960.25	0.7985829147013058
SRP012682	liver	UQ_WTO	0.7444464367595867	1.1371773063068074	0.6410102499225729	asinh	136	43479116110667.48	0.8611651199044741
SRP012682	lung	UQ_WTO	0.032857442235567975	0.1654069537182556	0.5120082546381788	asinh	374	43149889822933.25	0.8357935494798248
SRP012682	muscle	UQ_WTO	0.6096137678461591	0.8383255609506156	0.6268859849739492	asinh	475	41509031431766.15	0.8758770579357273
SRP012682	nerve	UQ_WTO	0.024542409721097686	0.19457878074635385	0.4889603653175172	asinh	335	30490143371729.26	0.8983040598566469
SRP012682	ovary	UQ_WTO	1.0248678056238822	1.4265053495017421	0.6906957830204696	asinh	108	16778882363032.21	0.8929019389320334
SRP012682	pancreas	UQ_WTO	0.09212066025408044	-0.14402248860101013	0.5282303527732601	asinh	197	25331676437836.96	0.9071555030828208
SRP012682	prostate	UQ_WTO	0.8308247495245117	1.3862563116554882	0.6165110529518145	asinh	119	19232108739791.59	0.8348637170990683
SRP012682	spleen	UQ_WTO	-0.5216515673431906	-1.2274848905876006	0.37847988487881423	asinh	118	14346446068866.951	0.9159208419930962
SRP012682	testis	UQ_WTO	0.31144777459869966	0.4799724766981091	0.5783558332174863	asinh	203	28511044450967.555	0.8975121198521843
SRP012682	uterus	UQ_WTO	1.3140957484272533	1.8680300729958401	0.7238897663234702	asinh	90	15946606709973.91	0.8770981722633059
SRP012682	bone_marrow	UQ	0.06253988722465403	-0.23816970749551522	0.5655140395584759	asinh	102	42049900457199.79	0.9928019473064187
SRP012682	breast	UQ	1.1825237531793864	1.9155004412475567	0.7096225011615545	asinh	218	18879247457177.68	0.8302414835111974
SRP012682	cervix_uteri	UQ	0.9389358908935064	1.2276206874676394	0.6856562695778763	asinh	11	5000055391623.473	0.8542408684699819
SRP012682	colon	UQ	0.17700152731556523	0.5905194073235107	0.5337601318591929	asinh	376	19519544599157.188	0.8005994571042859
SRP012682	fallopian_tube	UQ	1.8283720466519955	3.3120781933138597	0.7904943941805094	asinh	7	23996813030299.906	0.8610602932806956
SRP012682	heart	UQ	1.4796915902882635	3.2224093002879983	0.6615444135039219	asinh	489	39369470293725.52	0.8295588197843352
SRP012682	kidney	UQ	0.6247664466104621	1.0496593840667285	0.5968094334209226	asinh	36	22272752539960.25	0.7985829147013058
SRP012682	liver	UQ	1.2998494498608788	2.3625974203408235	0.6955221612070481	asinh	136	43479116110667.48	0.8611651199044741
SRP012682	lung	UQ	0.581652885297235	1.1654069537182556	0.6054555844633605	asinh	374	43149889822933.25	0.8357935494798248
SRP012682	muscle	UQ	1.402207585474782	2.6942983352493672	0.7140388137707347	asinh	475	41509031431766.15	0.8758770579357273
SRP012682	nerve	UQ	0.17611017663878056	0.3609302790232341	0.5261204243819861	asinh	335	30490143371729.26	0.8983040598566469
SRP012682	ovary	UQ	1.1493743461740675	1.619150427444138	0.6891788466749595	asinh	108	16778882363032.21	0.8929019389320334
SRP012682	pancreas	UQ	1.029640388740079	1.9320804904847813	0.6136117005101092	asinh	197	25331676437836.96	0.9071555030828208
SRP012682	prostate	UQ	1.0545194384878058	1.7721474652748155	0.6499825688996452	asinh	119	19232108739791.59	0.8348637170990683
SRP012682	spleen	UQ	0.3595703639751137	0.4902510207378547	0.5972686523855444	asinh	118	14346446068866.951	0.9159208419930962
SRP012682	testis	UQ	0.7800600971579527	1.1846375789610053	0.6257700968553088	asinh	203	28511044450967.555	0.8975121198521843
SRP012682	uterus	UQ	1.428403827771403	2.124694953953907	0.7382853968774441	asinh	90	15946606709973.91	0.8770981722633059
SRP012682	bone_marrow	UQ_CLR	0.08702746842480079	-0.20049928952946017	0.5734674303807665	asinh	102	42049900457199.79	0.9928019473064187
SRP012682	breast	UQ_CLR	1.1141894801070105	1.590538286270561	0.6900425265133912	asinh	218	18879247457177.68	0.8302414835111974
SRP012682	cervix_uteri	UQ_CLR	0.7868226073441281	1.054222320595926	0.6705664354168839	asinh	11	5000055391623.473	0.8542408684699819
SRP012682	colon	UQ_CLR	0.21469042495141621	0.574577863454489	0.526454718620915	asinh	376	19519544599157.188	0.8005994571042859
SRP012682	fallopian_tube	UQ_CLR	2.5563913037969797	4.546160771890153	0.8142207081881949	asinh	7	23996813030299.906	0.8610602932806956
SRP012682	heart	UQ_CLR	1.7422058492303583	3.617427471671977	0.6799475080623942	asinh	489	39369470293725.52	0.8295588197843352
SRP012682	kidney	UQ_CLR	0.655601683450038	1.1989391259888127	0.5955914486132059	asinh	36	22272752539960.25	0.7985829147013058
SRP012682	liver	UQ_CLR	1.3837051081046836	2.789321109432087	0.6962101803219518	asinh	136	43479116110667.48	0.8611651199044741
SRP012682	lung	UQ_CLR	0.7177636170209335	1.1641507977478303	0.6152784860817206	asinh	374	43149889822933.25	0.8357935494798248
SRP012682	muscle	UQ_CLR	1.4727362372311958	3.255801863146534	0.7163835824652622	asinh	475	41509031431766.15	0.8758770579357273
SRP012682	nerve	UQ_CLR	0.2849587107415083	0.4321529952233572	0.545026634810835	asinh	335	30490143371729.26	0.8983040598566469
SRP012682	ovary	UQ_CLR	0.8982954460711773	1.1741181878674567	0.6576440898986604	asinh	108	16778882363032.21	0.8929019389320334
SRP012682	pancreas	UQ_CLR	1.4132323136588425	2.9100541841547822	0.6259623408309594	asinh	197	25331676437836.96	0.9071555030828208
SRP012682	prostate	UQ_CLR	0.9405717143701415	1.4428398400218554	0.6444359294802915	asinh	119	19232108739791.59	0.8348637170990683
SRP012682	spleen	UQ_CLR	1.2036113918115905	2.093048686419042	0.6632213140763028	asinh	118	14346446068866.951	0.9159208419930962
SRP012682	testis	UQ_CLR	0.7946321587168329	1.3545625804033177	0.6197477299857574	asinh	203	28511044450967.555	0.8975121198521843
SRP012682	uterus	UQ_CLR	1.1331059849226919	1.639268126783665	0.6995226132225625	asinh	90	15946606709973.91	0.8770981722633059
SRP012682	bone_marrow	CPM_WTO	0.023363464942901677	0.09886527978205553	0.5409447383458641	asinh	102	42049900457199.79	0.9928019473064187
SRP012682	breast	CPM_WTO	0.27174339650830404	0.28167137409640164	0.5879520812706431	asinh	218	18879247457177.68	0.8302414835111974
SRP012682	cervix_uteri	CPM_WTO	0.21404722615742908	0.1679144413433719	0.5684491733750114	asinh	11	5000055391623.473	0.8542408684699819
SRP012682	colon	CPM_WTO	-0.12341637625544546	-0.31850693262899876	0.49412465147272044	asinh	376	19519544599157.188	0.8005994571042859
SRP012682	fallopian_tube	CPM_WTO	2.7877703764786586	5.1421531918715475	0.8408727397272671	asinh	7	23996813030299.906	0.8610602932806956
SRP012682	heart	CPM_WTO	0.11624246228669806	0.26553056884780296	0.5327427611978095	asinh	489	39369470293725.52	0.8295588197843352
SRP012682	kidney	CPM_WTO	0.25495281351705	0.5451237339487819	0.5487249423151646	asinh	36	22272752539960.25	0.7985829147013058
SRP012682	liver	CPM_WTO	0.7616362142808191	1.3828698153670844	0.6293323760739966	asinh	136	43479116110667.48	0.8611651199044741
SRP012682	lung	CPM_WTO	0.32631875709086516	0.7265227124850441	0.5664624288912883	asinh	374	43149889822933.25	0.8357935494798248
SRP012682	muscle	CPM_WTO	0.21744248484059972	0.2510639441398713	0.5463735836717412	asinh	475	41509031431766.15	0.8758770579357273
SRP012682	nerve	CPM_WTO	0.15205211356554565	0.313020294061849	0.5326981268742834	asinh	335	30490143371729.26	0.8983040598566469
SRP012682	ovary	CPM_WTO	0.5971783485174539	0.8846115706724719	0.6017310702992411	asinh	108	16778882363032.21	0.8929019389320334
SRP012682	pancreas	CPM_WTO	-0.2649476180010244	-0.6204605325439975	0.4343332219106948	asinh	197	25331676437836.96	0.9071555030828208
SRP012682	prostate	CPM_WTO	0.10333784216966628	0.23781103762362726	0.495412773154591	asinh	119	19232108739791.59	0.8348637170990683
SRP012682	spleen	CPM_WTO	0.48839622110356784	0.8329376757920144	0.6084775642318832	asinh	118	14346446068866.951	0.9159208419930962
SRP012682	testis	CPM_WTO	0.6660319838110572	1.1626950260803282	0.5946335359325978	asinh	203	28511044450967.555	0.8975121198521843
SRP012682	uterus	CPM_WTO	0.3887457584893883	0.8162686453060988	0.5533287682136674	asinh	90	15946606709973.91	0.8770981722633059
SRP012682	bone_marrow	CPM	0.09261390613581279	0.09886527978205553	0.5499243751552818	asinh	102	42049900457199.79	0.9928019473064187
SRP012682	breast	CPM	0.6484695727872367	0.9879089367756064	0.6239690495473482	asinh	218	18879247457177.68	0.8302414835111974
SRP012682	cervix_uteri	CPM	0.3814958408990439	0.5253276709562128	0.584086180209276	asinh	11	5000055391623.473	0.8542408684699819
SRP012682	colon	CPM	-0.052456846225179155	-0.14162917054491964	0.5080618791448472	asinh	376	19519544599157.188	0.8005994571042859
SRP012682	fallopian_tube	CPM	2.805383981312103	5.049043787480066	0.8233543810614314	asinh	7	23996813030299.906	0.8610602932806956
SRP012682	heart	CPM	1.3714791204122925	2.9130812421802696	0.6310290668581118	asinh	489	39369470293725.52	0.8295588197843352
SRP012682	kidney	CPM	0.621983189865066	0.9121558603167935	0.6085779446105768	asinh	36	22272752539960.25	0.7985829147013058
SRP012682	liver	CPM	1.1865142768004597	2.3489224834437468	0.6730207641063899	asinh	136	43479116110667.48	0.8611651199044741
SRP012682	lung	CPM	0.693552884488138	1.335331955160568	0.5906115855262719	asinh	374	43149889822933.25	0.8357935494798248
SRP012682	muscle	CPM	0.9441625456855163	1.8018782224491818	0.632443936095406	asinh	475	41509031431766.15	0.8758770579357273
SRP012682	nerve	CPM	0.22874143008223302	0.505725561753343	0.5376884999706206	asinh	335	30490143371729.26	0.8983040598566469
SRP012682	ovary	CPM	0.8274566836912475	1.5989725455065078	0.6081604942483487	asinh	108	16778882363032.21	0.8929019389320334
SRP012682	pancreas	CPM	0.401360548388101	0.6790997493149106	0.5613742751838977	asinh	197	25331676437836.96	0.9071555030828208
SRP012682	prostate	CPM	0.4568285437540022	1.0351818711086096	0.5466289898557939	asinh	119	19232108739791.59	0.8348637170990683
SRP012682	spleen	CPM	1.16920278432464	2.0370783925722398	0.6630829225682291	asinh	118	14346446068866.951	0.9159208419930962
SRP012682	testis	CPM	0.7531817740193557	1.3270818439812107	0.6015978328866112	asinh	203	28511044450967.555	0.8975121198521843
SRP012682	uterus	CPM	0.712731941504138	1.2638740070413732	0.5958241358280532	asinh	90	15946606709973.91	0.8770981722633059
SRP012682	bone_marrow	CPM_CLR	0.19830895785764346	0.17389622525203788	0.5436238988992841	asinh	102	42049900457199.79	0.9928019473064187
SRP012682	breast	CPM_CLR	0.6633433802350363	1.0079466900121516	0.6119422889265032	asinh	218	18879247457177.68	0.8302414835111974
SRP012682	cervix_uteri	CPM_CLR	0.4332615996839063	0.7145997107357912	0.5867295038722347	asinh	11	5000055391623.473	0.8542408684699819
SRP012682	colon	CPM_CLR	-0.06433941819841171	-0.14162917054491964	0.5064679555020213	asinh	376	19519544599157.188	0.8005994571042859
SRP012682	fallopian_tube	CPM_CLR	1.5717366401058306	0.2793742311952517	0.7676067449691466	asinh	7	23996813030299.906	0.8610602932806956
SRP012682	heart	CPM_CLR	1.5923238921964826	4.497133237954266	0.6579239200058886	asinh	489	39369470293725.52	0.8295588197843352
SRP012682	kidney	CPM_CLR	0.757613120230536	1.3303899796164895	0.6188090953455863	asinh	36	22272752539960.25	0.7985829147013058
SRP012682	liver	CPM_CLR	1.3283895548288376	2.789321109432087	0.6806132983193294	asinh	136	43479116110667.48	0.8611651199044741
SRP012682	lung	CPM_CLR	0.634657732755928	1.3340757991901426	0.5911711571560581	asinh	374	43149889822933.25	0.8357935494798248
SRP012682	muscle	CPM_CLR	1.2577357480072762	3.2745994586006604	0.6687019958149634	asinh	475	41509031431766.15	0.8758770579357273
SRP012682	nerve	CPM_CLR	0.2513512514302954	0.48686653450202705	0.5384506240507676	asinh	335	30490143371729.26	0.8983040598566469
SRP012682	ovary	CPM_CLR	0.6641030797983155	1.1741181878674567	0.5996733776685339	asinh	108	16778882363032.21	0.8929019389320334
SRP012682	pancreas	CPM_CLR	1.1718721594652919	2.7945769667348466	0.6112687206871712	asinh	197	25331676437836.96	0.9071555030828208
SRP012682	prostate	CPM_CLR	0.5397588642528375	1.1871849645536594	0.5584947124109547	asinh	119	19232108739791.59	0.8348637170990683
SRP012682	spleen	CPM_CLR	1.387609570792501	2.4149767813064043	0.6815527603614449	asinh	118	14346446068866.951	0.9159208419930962
SRP012682	testis	CPM_CLR	0.6287617035610392	1.179183148868897	0.5942140922619608	asinh	203	28511044450967.555	0.8975121198521843
SRP012682	uterus	CPM_CLR	0.6434428673762941	1.092418550930151	0.5876183536385717	asinh	90	15946606709973.91	0.8770981722633059
SRP012682	bone_marrow	CPM_QNT_WTO	-0.0391460662143119	0.02486469833827887	0.5279366400202257	asinh	102	42049900457199.79	0.9928019473064187
SRP012682	breast	CPM_QNT_WTO	0.07352421932446636	0.007946690012151631	0.5296239116894341	asinh	218	18879247457177.68	0.8302414835111974
SRP012682	cervix_uteri	CPM_QNT_WTO	0.06380696357073741	-0.13776147482016046	0.5408613586510143	asinh	11	5000055391623.473	0.8542408684699819
SRP012682	colon	CPM_QNT_WTO	-0.1290923896640974	-0.20302971520906293	0.493119461477324	asinh	376	19519544599157.188	0.8005994571042859
SRP012682	fallopian_tube	CPM_QNT_WTO	2.935010055400691	5.31207819331386	0.843535145124978	asinh	7	23996813030299.906	0.8610602932806956
SRP012682	heart	CPM_QNT_WTO	1.204099226459544	2.338143714193109	0.6251056032493985	asinh	489	39369470293725.52	0.8295588197843352
SRP012682	kidney	CPM_QNT_WTO	0.41263465296172774	0.7647928037622644	0.5649414485668451	asinh	36	22272752539960.25	0.7985829147013058
SRP012682	liver	CPM_QNT_WTO	0.832528925555162	1.30710230774912	0.6279885617250613	asinh	136	43479116110667.48	0.8611651199044741
SRP012682	lung	CPM_QNT_WTO	0.35343518210557723	0.5028741351781708	0.5679574811993113	asinh	374	43149889822933.25	0.8357935494798248
SRP012682	muscle	CPM_QNT_WTO	1.1234908123521543	2.3385267853902105	0.6344113061345524	asinh	475	41509031431766.15	0.8758770579357273
SRP012682	nerve	CPM_QNT_WTO	0.1417465006505628	0.2441483476943847	0.5301138160826859	asinh	335	30490143371729.26	0.8983040598566469
SRP012682	ovary	CPM_QNT_WTO	0.2710443077233089	0.4789727693958776	0.5503947888009115	asinh	108	16778882363032.21	0.8929019389320334
SRP012682	pancreas	CPM_QNT_WTO	1.2635640866546505	2.3795394674560026	0.6271456533822501	asinh	197	25331676437836.96	0.9071555030828208
SRP012682	prostate	CPM_QNT_WTO	0.1451333281659928	0.3202731978156004	0.4996278542052437	asinh	119	19232108739791.59	0.8348637170990683
SRP012682	spleen	CPM_QNT_WTO	0.8682705517533675	1.58139890879605	0.6482917814170577	asinh	118	14346446068866.951	0.9159208419930962
SRP012682	testis	CPM_QNT_WTO	0.607236071481137	1.1900714650116333	0.5903533747394007	asinh	203	28511044450967.555	0.8975121198521843
SRP012682	uterus	CPM_QNT_WTO	0.3032892533184414	0.4610204772187099	0.5318555252454331	asinh	90	15946606709973.91	0.8770981722633059
SRP012682	bone_marrow	CPM_QNT	-0.011005855811470842	-0.11263882541165612	0.530312084798954	asinh	102	42049900457199.79	0.9928019473064187
SRP012682	breast	CPM_QNT	0.37242829203587124	0.6393505356235044	0.5573381135963693	asinh	218	18879247457177.68	0.8302414835111974
SRP012682	cervix_uteri	CPM_QNT	0.2620717443130509	0.33329023882093756	0.5607906827636775	asinh	11	5000055391623.473	0.8542408684699819
SRP012682	colon	CPM_QNT	-0.10788530920190122	-0.26192340426263133	0.4934510457438641	asinh	376	19519544599157.188	0.8005994571042859
SRP012682	fallopian_tube	CPM_QNT	2.725408973993606	5.1421531918715475	0.8247957186642871	asinh	7	23996813030299.906	0.8610602932806956
SRP012682	heart	CPM_QNT	1.6875785901997598	4.043960609788651	0.658653775061417	asinh	489	39369470293725.52	0.8295588197843352
SRP012682	kidney	CPM_QNT	0.5538400744814842	1.0181770395623388	0.5706369809906349	asinh	36	22272752539960.25	0.7985829147013058
SRP012682	liver	CPM_QNT	1.1563099001922859	2.3828698153670844	0.6487594831869714	asinh	136	43479116110667.48	0.8611651199044741
SRP012682	lung	CPM_QNT	0.6916859317689865	1.5028741351781707	0.586557191057409	asinh	374	43149889822933.25	0.8357935494798248
SRP012682	muscle	CPM_QNT	1.253772996842429	2.8061912153202644	0.6599752043255087	asinh	475	41509031431766.15	0.8758770579357273
SRP012682	nerve	CPM_QNT	0.20047224053524473	0.36816184825431	0.5315785984189603	asinh	335	30490143371729.26	0.8983040598566469
SRP012682	ovary	CPM_QNT	0.4974180340277446	0.9790463725305206	0.5667065312165036	asinh	108	16778882363032.21	0.8929019389320334
SRP012682	pancreas	CPM_QNT	1.4789344580604549	3.6019318887924507	0.6536070897867141	asinh	197	25331676437836.96	0.9071555030828208
SRP012682	prostate	CPM_QNT	0.41280696206374384	0.7721474652748155	0.5438662757608625	asinh	119	19232108739791.59	0.8348637170990683
SRP012682	spleen	CPM_QNT	1.2080773769399704	2.0370783925722398	0.6739531419148683	asinh	118	14346446068866.951	0.9159208419930962
SRP012682	testis	CPM_QNT	0.6887315434285539	1.206251392067068	0.5962176343969041	asinh	203	28511044450967.555	0.8975121198521843
SRP012682	uterus	CPM_QNT	0.5938675505812367	1.0858757050633787	0.5737605535625612	asinh	90	15946606709973.91	0.8770981722633059
SRP012682	bone_marrow	CPM_QNT_CLR	0.10886608177611262	-0.048496196084410276	0.5291704353676181	asinh	102	42049900457199.79	0.9928019473064187
SRP012682	breast	CPM_QNT_CLR	0.4903323222658951	0.8604590776895944	0.5597599307436205	asinh	218	18879247457177.68	0.8302414835111974
SRP012682	cervix_uteri	CPM_QNT_CLR	0.35854156741864535	0.5687954934256843	0.560454292227405	asinh	11	5000055391623.473	0.8542408684699819
SRP012682	colon	CPM_QNT_CLR	-0.11314315537569727	-0.37295471665137536	0.4955507040352707	asinh	376	19519544599157.188	0.8005994571042859
SRP012682	fallopian_tube	CPM_QNT_CLR	2.3158306950631493	3.202206370672792	0.7876170546128591	asinh	7	23996813030299.906	0.8610602932806956
SRP012682	heart	CPM_QNT_CLR	1.646823385056084	3.534286236371732	0.6603509996365204	asinh	489	39369470293725.52	0.8295588197843352
SRP012682	kidney	CPM_QNT_CLR	0.5106837878541951	0.9986808639365417	0.5707968525087779	asinh	36	22272752539960.25	0.7985829147013058
SRP012682	liver	CPM_QNT_CLR	1.1358862930142548	2.3943678561965758	0.6484713477526256	asinh	136	43479116110667.48	0.8611651199044741
SRP012682	lung	CPM_QNT_CLR	0.6397059902823736	1.187609770571819	0.5866762351856494	asinh	374	43149889822933.25	0.8357935494798248
SRP012682	muscle	CPM_QNT_CLR	1.2102261482825716	2.7624698378909462	0.6643382278675567	asinh	475	41509031431766.15	0.8758770579357273
SRP012682	nerve	CPM_QNT_CLR	0.2254138669719443	0.4321529952233572	0.5333836905150129	asinh	335	30490143371729.26	0.8983040598566469
SRP012682	ovary	CPM_QNT_CLR	0.4628878624234925	0.7801423041164425	0.5639714578698651	asinh	108	16778882363032.21	0.8929019389320334
SRP012682	pancreas	CPM_QNT_CLR	1.3820025784749757	3.3795394674560026	0.651509834547003	asinh	197	25331676437836.96	0.9071555030828208
SRP012682	prostate	CPM_QNT_CLR	0.3877659608520981	0.7196800453806799	0.5484003491661404	asinh	119	19232108739791.59	0.8348637170990683
SRP012682	spleen	CPM_QNT_CLR	1.2825201127517671	2.2565474187019214	0.675815866420681	asinh	118	14346446068866.951	0.9159208419930962
SRP012682	testis	CPM_QNT_CLR	0.8263503162890303	1.5580550405827058	0.6058893856046375	asinh	203	28511044450967.555	0.8975121198521843
SRP012682	uterus	CPM_QNT_CLR	0.580893219261625	1.0324364461019182	0.5731626790771287	asinh	90	15946606709973.91	0.8770981722633059
SRP012682	bone_marrow	RPKM_WTO	0.010810168006157824	-0.0455246295531193	0.5401185205173284	asinh	102	42049900457199.79	0.9928019473064187
SRP012682	breast	RPKM_WTO	0.2963961472863057	0.3691342153467411	0.5906609667228793	asinh	218	18879247457177.68	0.8302414835111974
SRP012682	cervix_uteri	RPKM_WTO	0.23801987759021062	0.2392710472065651	0.5709251215095712	asinh	11	5000055391623.473	0.8542408684699819
SRP012682	colon	RPKM_WTO	-0.12189973816329926	-0.3874542863464904	0.49513232922927486	asinh	376	19519544599157.188	0.8005994571042859
SRP012682	fallopian_tube	RPKM_WTO	2.4001198314812506	5.390080705315133	0.8423344559333437	asinh	7	23996813030299.906	0.8610602932806956
SRP012682	heart	RPKM_WTO	0.1600444324260539	0.39402067835819743	0.5395155937955742	asinh	489	39369470293725.52	0.8295588197843352
SRP012682	kidney	RPKM_WTO	0.23477500949055385	0.5354735639150628	0.549056407823489	asinh	36	22272752539960.25	0.7985829147013058
SRP012682	liver	RPKM_WTO	0.714290068284964	1.3000128829628004	0.6254234322871817	asinh	136	43479116110667.48	0.8611651199044741
SRP012682	lung	RPKM_WTO	0.39131687432347073	0.7503694544394119	0.5754289945221203	asinh	374	43149889822933.25	0.8357935494798248
SRP012682	muscle	RPKM_WTO	0.2052954190580627	0.1995336434997892	0.5460081597193636	asinh	475	41509031431766.15	0.8758770579357273
SRP012682	nerve	RPKM_WTO	0.15673523784066576	0.3316359722291963	0.5322379548762193	asinh	335	30490143371729.26	0.8983040598566469
SRP012682	ovary	RPKM_WTO	0.6165073943571172	0.9468958489268143	0.6018747962925595	asinh	108	16778882363032.21	0.8929019389320334
SRP012682	pancreas	RPKM_WTO	-0.2616396253613897	-0.5746568429308724	0.43517115355875546	asinh	197	25331676437836.96	0.9071555030828208
SRP012682	prostate	RPKM_WTO	0.12520596797141756	0.3202731978156004	0.49803373716927624	asinh	119	19232108739791.59	0.8348637170990683
SRP012682	spleen	RPKM_WTO	0.5126109943227645	0.7740439867384459	0.6088204187999935	asinh	118	14346446068866.951	0.9159208419930962
SRP012682	testis	RPKM_WTO	0.6703469897332286	1.2008782199682162	0.5953083244203903	asinh	203	28511044450967.555	0.8975121198521843
SRP012682	uterus	RPKM_WTO	0.3900620163178175	0.8030328181494046	0.5533563875452536	asinh	90	15946606709973.91	0.8770981722633059
SRP012682	bone_marrow	RPKM	0.09661356972526526	0.09886527978205553	0.5499250849562785	asinh	102	42049900457199.79	0.9928019473064187
SRP012682	breast	RPKM	0.6776413240164519	1.0277099448335816	0.6259839623128585	asinh	218	18879247457177.68	0.8302414835111974
SRP012682	cervix_uteri	RPKM	0.40605770503168215	0.5823712623930486	0.586778852878254	asinh	11	5000055391623.473	0.8542408684699819
SRP012682	colon	RPKM	-0.04377578540502386	-0.20302971520906293	0.5109167918620905	asinh	376	19519544599157.188	0.8005994571042859
SRP012682	fallopian_tube	RPKM	2.0696515123508124	5.464081286758909	0.8248362278631696	asinh	7	23996813030299.906	0.8610602932806956
SRP012682	heart	RPKM	1.3674504465691293	3.2224093002879983	0.6312811977998187	asinh	489	39369470293725.52	0.8295588197843352
SRP012682	kidney	RPKM	0.6392413444776657	0.8833968673353697	0.6096086709836186	asinh	36	22272752539960.25	0.7985829147013058
SRP012682	liver	RPKM	1.1562149377993671	2.3000128829628004	0.670812835907725	asinh	136	43479116110667.48	0.8611651199044741
SRP012682	lung	RPKM	0.7031133617846421	1.335331955160568	0.5960663746685988	asinh	374	43149889822933.25	0.8357935494798248
SRP012682	muscle	RPKM	0.9451625304076366	1.7844961442209453	0.6315768886085671	asinh	475	41509031431766.15	0.8758770579357273
SRP012682	nerve	RPKM	0.23381209122755653	0.5280357234784314	0.5378445084633867	asinh	335	30490143371729.26	0.8983040598566469
SRP012682	ovary	RPKM	0.8284585332766783	1.5577498827799945	0.6083619953568125	asinh	108	16778882363032.21	0.8929019389320334
SRP012682	pancreas	RPKM	0.3987022744075665	0.7945769667348465	0.5666644446466194	asinh	197	25331676437836.96	0.9071555030828208
SRP012682	prostate	RPKM	0.46545133021101914	1.1347175446595237	0.5483289983686888	asinh	119	19232108739791.59	0.8348637170990683
SRP012682	spleen	RPKM	1.1548905325596415	1.9756778479080963	0.6604068221723125	asinh	118	14346446068866.951	0.9159208419930962
SRP012682	testis	RPKM	0.7895679554134041	1.3599964664539457	0.6041293367234566	asinh	203	28511044450967.555	0.8975121198521843
SRP012682	uterus	RPKM	0.7239186964862697	1.257418984904074	0.5965061439569972	asinh	90	15946606709973.91	0.8770981722633059
SRP012682	bone_marrow	RPKM_CLR	0.1430650457674344	0.2563583854440108	0.5425890260186712	asinh	102	42049900457199.79	0.9928019473064187
SRP012682	breast	RPKM_CLR	0.676602837814509	1.0277099448335816	0.6123913604607303	asinh	218	18879247457177.68	0.8302414835111974
SRP012682	cervix_uteri	RPKM_CLR	0.4607779287643346	0.7951243293213027	0.5890613348111131	asinh	11	5000055391623.473	0.8542408684699819
SRP012682	colon	RPKM_CLR	-0.06371838573265355	-0.14162917054491964	0.5073077206308731	asinh	376	19519544599157.188	0.8005994571042859
SRP012682	fallopian_tube	RPKM_CLR	1.6127093562917625	0.8643367319164078	0.7700839437487588	asinh	7	23996813030299.906	0.8610602932806956
SRP012682	heart	RPKM_CLR	1.5934314895814832	4.4845332011746315	0.6569859989471567	asinh	489	39369470293725.52	0.8295588197843352
SRP012682	kidney	RPKM_CLR	0.7686962142223335	1.320608958823904	0.6193192649356121	asinh	36	22272752539960.25	0.7985829147013058
SRP012682	liver	RPKM_CLR	1.3238436523925896	2.7757745775941394	0.6795499110683423	asinh	136	43479116110667.48	0.8611651199044741
SRP012682	lung	RPKM_CLR	0.643324126094433	1.3340757991901426	0.5967046093986177	asinh	374	43149889822933.25	0.8357935494798248
SRP012682	muscle	RPKM_CLR	1.288331560868494	3.2839072008268886	0.667852869952565	asinh	475	41509031431766.15	0.8758770579357273
SRP012682	nerve	RPKM_CLR	0.25614377634757296	0.46129934088287383	0.5388808803127709	asinh	335	30490143371729.26	0.8983040598566469
SRP012682	ovary	RPKM_CLR	0.6798100628214365	1.1741181878674567	0.6000187212835932	asinh	108	16778882363032.21	0.8929019389320334
SRP012682	pancreas	RPKM_CLR	1.2588421589587224	2.7945769667348466	0.6196662094037642	asinh	197	25331676437836.96	0.9071555030828208
SRP012682	prostate	RPKM_CLR	0.5359443635402341	1.1871849645536594	0.5588484773971274	asinh	119	19232108739791.59	0.8348637170990683
SRP012682	spleen	RPKM_CLR	1.3968491179327163	2.578475513589284	0.6798269107228947	asinh	118	14346446068866.951	0.9159208419930962
SRP012682	testis	RPKM_CLR	0.6762379916804745	1.2380768379224656	0.5972132971559923	asinh	203	28511044450967.555	0.8975121198521843
SRP012682	uterus	RPKM_CLR	0.6531166905346786	1.105415891459024	0.5883283890872946	asinh	90	15946606709973.91	0.8770981722633059
SRP012682	bone_marrow	RPKM_QNT_WTO	-0.0020340095307877395	-0.3901728009405653	0.5413565415413508	asinh	102	42049900457199.79	0.9928019473064187
SRP012682	breast	RPKM_QNT_WTO	0.06538563807439335	0.11149154706994377	0.5240212838412504	asinh	218	18879247457177.68	0.8302414835111974
SRP012682	cervix_uteri	RPKM_QNT_WTO	0.10132758720134598	-0.04252060486041427	0.5464417003988338	asinh	11	5000055391623.473	0.8542408684699819
SRP012682	colon	RPKM_QNT_WTO	-0.10384448953922308	-0.26192340426263133	0.49950103452833616	asinh	376	19519544599157.188	0.8005994571042859
SRP012682	fallopian_tube	RPKM_QNT_WTO	2.6018678556812045	5.390080705315133	0.8273598264115307	asinh	7	23996813030299.906	0.8610602932806956
SRP012682	heart	RPKM_QNT_WTO	1.1915445441330357	2.137070014180132	0.6186893679190035	asinh	489	39369470293725.52	0.8295588197843352
SRP012682	kidney	RPKM_QNT_WTO	0.4071038754958923	0.7257986721464007	0.5579301534694459	asinh	36	22272752539960.25	0.7985829147013058
SRP012682	liver	RPKM_QNT_WTO	0.8076025559081522	1.192672418898511	0.6242068221505939	asinh	136	43479116110667.48	0.8611651199044741
SRP012682	lung	RPKM_QNT_WTO	0.3461609582019822	0.40333846162725634	0.5687703135231423	asinh	374	43149889822933.25	0.8357935494798248
SRP012682	muscle	RPKM_QNT_WTO	1.0838958863417623	2.094836264833096	0.631754517814521	asinh	475	41509031431766.15	0.8758770579357273
SRP012682	nerve	RPKM_QNT_WTO	0.1159740525892132	0.21046522143809585	0.5258313160473982	asinh	335	30490143371729.26	0.8983040598566469
SRP012682	ovary	RPKM_QNT_WTO	0.2488235738646776	0.5577498827799945	0.54560382142121	asinh	108	16778882363032.21	0.8929019389320334
SRP012682	pancreas	RPKM_QNT_WTO	1.1020398297990897	1.7945769667348466	0.6180733430562242	asinh	197	25331676437836.96	0.9071555030828208
SRP012682	prostate	RPKM_QNT_WTO	0.17089535843225143	0.6566702478548794	0.49806929546418033	asinh	119	19232108739791.59	0.8348637170990683
SRP012682	spleen	RPKM_QNT_WTO	0.9744312698058043	1.58139890879605	0.649751278444672	asinh	118	14346446068866.951	0.9159208419930962
SRP012682	testis	RPKM_QNT_WTO	0.5177159230905407	1.096528102114582	0.5761279382858078	asinh	203	28511044450967.555	0.8975121198521843
SRP012682	uterus	RPKM_QNT_WTO	0.2931845195148353	0.5470096189316764	0.5288109966328456	asinh	90	15946606709973.91	0.8770981722633059
SRP012682	bone_marrow	RPKM_QNT	0.012585493148288926	-0.11263882541165612	0.5445579348357299	asinh	102	42049900457199.79	0.9928019473064187
SRP012682	breast	RPKM_QNT	0.40431288089158063	0.7449122841783576	0.5552802601524824	asinh	218	18879247457177.68	0.8302414835111974
SRP012682	cervix_uteri	RPKM_QNT	0.28485588442766363	0.3779168821610193	0.5612559593250879	asinh	11	5000055391623.473	0.8542408684699819
SRP012682	colon	RPKM_QNT	-0.09083716435459617	-0.26192340426263133	0.4981530261473921	asinh	376	19519544599157.188	0.8005994571042859
SRP012682	fallopian_tube	RPKM_QNT	1.9719029779342092	5.464081286758909	0.8136070525280736	asinh	7	23996813030299.906	0.8610602932806956
SRP012682	heart	RPKM_QNT	1.5747716099246878	3.471822149425078	0.6491877612052548	asinh	489	39369470293725.52	0.8295588197843352
SRP012682	kidney	RPKM_QNT	0.5152744889721662	0.9789176091151118	0.5640819546483229	asinh	36	22272752539960.25	0.7985829147013058
SRP012682	liver	RPKM_QNT	1.1186881999452032	2.3141570652830703	0.6441116679784571	asinh	136	43479116110667.48	0.8611651199044741
SRP012682	lung	RPKM_QNT	0.6617152522018589	1.5028741351781707	0.589475424314017	asinh	374	43149889822933.25	0.8357935494798248
SRP012682	muscle	RPKM_QNT	1.2360707068998487	2.7446034170974327	0.656433588333261	asinh	475	41509031431766.15	0.8758770579357273
SRP012682	nerve	RPKM_QNT	0.1934624151440389	0.3279320034657775	0.5308139849396305	asinh	335	30490143371729.26	0.8983040598566469
SRP012682	ovary	RPKM_QNT	0.5182333342771597	0.9264317463670989	0.5648003588513753	asinh	108	16778882363032.21	0.8929019389320334
SRP012682	pancreas	RPKM_QNT	1.2992056099335734	3.4950166848759388	0.648568345969025	asinh	197	25331676437836.96	0.9071555030828208
SRP012682	prostate	RPKM_QNT	0.4497970164013218	0.7721474652748155	0.5429452756273143	asinh	119	19232108739791.59	0.8348637170990683
SRP012682	spleen	RPKM_QNT	1.2588683555346094	2.0370783925722398	0.6736027166747043	asinh	118	14346446068866.951	0.9159208419930962
SRP012682	testis	RPKM_QNT	0.6275919433396667	1.0649349774192651	0.5821298995239879	asinh	203	28511044450967.555	0.8975121198521843
SRP012682	uterus	RPKM_QNT	0.5959142859175994	1.0727003163156454	0.5699046261351555	asinh	90	15946606709973.91	0.8770981722633059
SRP012682	bone_marrow	RPKM_QNT_CLR	0.08894718201344487	-0.41106627546911834	0.548379565974642	asinh	102	42049900457199.79	0.9928019473064187
SRP012682	breast	RPKM_QNT_CLR	0.4452601281009312	0.8704431662622166	0.5565873599426148	asinh	218	18879247457177.68	0.8302414835111974
SRP012682	cervix_uteri	RPKM_QNT_CLR	0.3450470964099618	0.5004544414783643	0.5575661569220536	asinh	11	5000055391623.473	0.8542408684699819
SRP012682	colon	RPKM_QNT_CLR	-0.0893691394382753	-0.07749883312520403	0.5005878107840296	asinh	376	19519544599157.188	0.8005994571042859
SRP012682	fallopian_tube	RPKM_QNT_CLR	2.619426344794427	3.408657248140218	0.7810084875597134	asinh	7	23996813030299.906	0.8610602932806956
SRP012682	heart	RPKM_QNT_CLR	1.614422440412055	3.4589981090674944	0.6520859008322475	asinh	489	39369470293725.52	0.8295588197843352
SRP012682	kidney	RPKM_QNT_CLR	0.5369058004806134	0.9986808639365417	0.56660898756029	asinh	36	22272752539960.25	0.7985829147013058
SRP012682	liver	RPKM_QNT_CLR	1.137692624720527	2.3607370783152954	0.6445962081359262	asinh	136	43479116110667.48	0.8611651199044741
SRP012682	lung	RPKM_QNT_CLR	0.5487096620453271	1.4786265889314933	0.590164182889545	asinh	374	43149889822933.25	0.8357935494798248
SRP012682	muscle	RPKM_QNT_CLR	1.2428682553518828	2.7535642846690545	0.6592652437302284	asinh	475	41509031431766.15	0.8758770579357273
SRP012682	nerve	RPKM_QNT_CLR	0.2423452704939342	0.4394949705645253	0.5345313674697287	asinh	335	30490143371729.26	0.8983040598566469
SRP012682	ovary	RPKM_QNT_CLR	0.5096437725003969	0.8846115706724719	0.5636511885384508	asinh	108	16778882363032.21	0.8929019389320334
SRP012682	pancreas	RPKM_QNT_CLR	1.373978148964815	3.254008585372144	0.644452149382694	asinh	197	25331676437836.96	0.9071555030828208
SRP012682	prostate	RPKM_QNT_CLR	0.3797356583373194	0.6566702478548794	0.5475118904102878	asinh	119	19232108739791.59	0.8348637170990683
SRP012682	spleen	RPKM_QNT_CLR	1.3402905757861119	2.093048686419042	0.6742139305140569	asinh	118	14346446068866.951	0.9159208419930962
SRP012682	testis	RPKM_QNT_CLR	0.7917028943925908	1.5472076583457137	0.5953651505972033	asinh	203	28511044450967.555	0.8975121198521843
SRP012682	uterus	RPKM_QNT_CLR	0.5953320832297561	1.105415891459024	0.5718656444048236	asinh	90	15946606709973.91	0.8770981722633059
SRP012682	bone_marrow	TPM_WTO	0.14737695908553186	0.09886527978205553	0.5663364621209936	asinh	102	42049900457199.79	0.9928019473064187
SRP012682	breast	TPM_WTO	0.5543663589347133	0.8704431662622166	0.6274765823819557	asinh	218	18879247457177.68	0.8302414835111974
SRP012682	cervix_uteri	TPM_WTO	0.47348778665767954	0.4670682729838175	0.6163332687380887	asinh	11	5000055391623.473	0.8542408684699819
SRP012682	colon	TPM_WTO	0.20759041556522728	-0.12902913376528616	0.54921544663756094	asinh	376	19519544599157.188	0.8005994571042859
SRP012682	fallopian_tube	TPM_WTO	2.5771324513280183	5.31207819331386	0.8426547288464548	asinh	7	23996813030299.906	0.8610602932806956
SRP012682	heart	TPM_WTO	-0.27138407194828285	-0.6639199728382037	0.44156323262422426	asinh	489	39369470293725.52	0.8295588197843352
SRP012682	kidney	TPM_WTO	0.12849972049764524	0.27460186358524474	0.5284772160896871	asinh	36	22272752539960.25	0.7985829147013058
SRP012682	liver	TPM_WTO	0.5240426746639756	1.0269943885563846	0.5939175023250769	asinh	136	43479116110667.48	0.8611651199044741
SRP012682	lung	TPM_WTO	0.4072758245758596	0.773828427263401	0.5933663491457821	asinh	374	43149889822933.25	0.8357935494798248
SRP012682	muscle	TPM_WTO	0.06327518748690915	0.20389883606119097	0.4874898629936517	asinh	475	41509031431766.15	0.8758770579357273
SRP012682	nerve	TPM_WTO	0.16283921385338992	0.2588698534011502	0.5362852539015464	asinh	335	30490143371729.26	0.8983040598566469
SRP012682	ovary	TPM_WTO	0.7612382942680626	1.1527445370748899	0.6170787626686334	asinh	108	16778882363032.21	0.8929019389320334
SRP012682	pancreas	TPM_WTO	-0.25393155277187573	-0.264316722318722	0.4336695288969814	asinh	197	25331676437836.96	0.9071555030828208
SRP012682	prostate	TPM_WTO	0.5916784283410385	0.9282666671920973	0.5949747395973191	asinh	119	19232108739791.59	0.8348637170990683
SRP012682	spleen	TPM_WTO	-0.4982243300633737	-0.9999723036476045	0.38633529817416346	asinh	118	14346446068866.951	0.9159208419930962
SRP012682	testis	TPM_WTO	0.6775365224905404	1.222251870760783	0.6022294233586258	asinh	203	28511044450967.555	0.8975121198521843
SRP012682	uterus	TPM_WTO	0.34601231819315076	0.7204202346350953	0.5483795674808754	asinh	90	15946606709973.91	0.8770981722633059
SRP012682	bone_marrow	TPM	0.11836113486595926	-0.19752772299816926	0.5676779264342926	asinh	102	42049900457199.79	0.9928019473064187
SRP012682	breast	TPM	0.9311047789091553	1.2997128143892616	0.6739834333308394	asinh	218	18879247457177.68	0.8302414835111974
SRP012682	cervix_uteri	TPM	0.5646498235148901	0.7164712956357908	0.6200018700362762	asinh	11	5000055391623.473	0.8542408684699819
SRP012682	colon	TPM	0.2746675906756959	0.349511307819716	0.5609729334444786	asinh	376	19519544599157.188	0.8005994571042859
SRP012682	fallopian_tube	TPM	2.7448869386604344	5.1421531918715475	0.8261176368058791	asinh	7	23996813030299.906	0.8610602932806956
SRP012682	heart	TPM	1.1471789306453466	2.324979033928546	0.6268047331600677	asinh	489	39369470293725.52	0.8295588197843352
SRP012682	kidney	TPM	0.5811885539482189	0.8441374368881426	0.6067449426168707	asinh	36	22272752539960.25	0.7985829147013058
SRP012682	liver	TPM	1.0471211470863944	1.7150503822416443	0.6750933857535166	asinh	136	43479116110667.48	0.8611651199044741
SRP012682	lung	TPM	0.7589704549918226	1.211949539655286	0.6164582352454211	asinh	374	43149889822933.25	0.8357935494798248
SRP012682	muscle	TPM	0.8810150305060238	1.4765522787692842	0.6231899530655234	asinh	475	41509031431766.15	0.8758770579357273
SRP012682	nerve	TPM	0.2450015142769366	0.516923768358207	0.5480584542811329	asinh	335	30490143371729.26	0.8983040598566469
SRP012682	ovary	TPM	0.9300049872890321	1.5989725455065078	0.616309928879808	asinh	108	16778882363032.21	0.8929019389320334
SRP012682	pancreas	TPM	0.3744801215260736	0.6790997493149106	0.5633105874718147	asinh	197	25331676437836.96	0.9071555030828208
SRP012682	prostate	TPM	0.8245861254221781	1.0858079441785775	0.6138895001347429	asinh	119	19232108739791.59	0.8348637170990683
SRP012682	spleen	TPM	0.3622917319024768	0.5971662246543665	0.5912237474798019	asinh	118	14346446068866.951	0.9159208419930962
SRP012682	testis	TPM	0.8125372877892317	1.3761763935093803	0.618509703076807	asinh	203	28511044450967.555	0.8975121198521843
SRP012682	uterus	TPM	0.6214187923157809	1.0527088411281795	0.5885624466492452	asinh	90	15946606709973.91	0.8770981722633059
SRP012682	bone_marrow	TPM_CLR	0.15169266833429135	0.09589371325076473	0.5604411269308365	asinh	102	42049900457199.79	0.9928019473064187
SRP012682	breast	TPM_CLR	0.8991767336185538	1.5520641384559253	0.6580314920685062	asinh	218	18879247457177.68	0.8302414835111974
SRP012682	cervix_uteri	TPM_CLR	0.49419822500237487	0.7069053189457906	0.6123990939486248	asinh	11	5000055391623.473	0.8542408684699819
SRP012682	colon	TPM_CLR	0.06036139029940639	-0.07749883312520403	0.5401474467023704	asinh	376	19519544599157.188	0.8005994571042859
SRP012682	fallopian_tube	TPM_CLR	1.6299628075027666	1.449299232637564	0.7700900039473026	asinh	7	23996813030299.906	0.8610602932806956
SRP012682	heart	TPM_CLR	1.622756939867792	4.4845332011746315	0.6570611637107717	asinh	489	39369470293725.52	0.8295588197843352
SRP012682	kidney	TPM_CLR	0.8030702586814447	1.3877231546824411	0.628368323569422	asinh	36	22272752539960.25	0.7985829147013058
SRP012682	liver	TPM_CLR	1.4329963349807602	2.7689533117381253	0.69462618019421285	asinh	136	43479116110667.48	0.8611651199044741
SRP012682	lung	TPM_CLR	0.7165437241910572	1.0356066771267693	0.6101271458677004	asinh	374	43149889822933.25	0.8357935494798248
SRP012682	muscle	TPM_CLR	1.251985476243766	2.8528021576118543	0.6683680462182906	asinh	475	41509031431766.15	0.8758770579357273
SRP012682	nerve	TPM_CLR	0.29481331542302813	0.4982115080960363	0.5480276339567212	asinh	335	30490143371729.26	0.8983040598566469
SRP012682	ovary	TPM_CLR	0.7397633878599393	1.3226695385172023	0.605082417703283	asinh	108	16778882363032.21	0.8929019389320334
SRP012682	pancreas	TPM_CLR	1.1959304511736253	2.669046084650988	0.6157158914907761	asinh	197	25331676437836.96	0.9071555030828208
SRP012682	prostate	TPM_CLR	0.7567825063954142	1.4077360390659397	0.6132742708663059	asinh	119	19232108739791.59	0.8348637170990683
SRP012682	spleen	TPM_CLR	1.2024463903985472	2.356083092252836	0.662872838242972	asinh	118	14346446068866.951	0.9159208419930962
SRP012682	testis	TPM_CLR	0.6955180556561837	1.2275461704302961	0.6081548345343357	asinh	203	28511044450967.555	0.8975121198521843
SRP012682	uterus	TPM_CLR	0.5840719192820827	0.9980029490380444	0.5804024379706689	asinh	90	15946606709973.91	0.8770981722633059
SRP012682	bone_marrow	TPM_QNT_WTO	-7.713980344245761e-4	-0.23816970749551522	0.5417696187694077	asinh	102	42049900457199.79	0.9928019473064187
SRP012682	breast	TPM_QNT_WTO	0.0567178129271901	0.09186274032101105	0.5242875741808533	asinh	218	18879247457177.68	0.8302414835111974
SRP012682	cervix_uteri	TPM_QNT_WTO	0.09574182008945249	-0.06579038418326161	0.545975819405097	asinh	11	5000055391623.473	0.8542408684699819
SRP012682	colon	TPM_QNT_WTO	-0.10680820148778851	-0.26192340426263133	0.4986612822864238	asinh	376	19519544599157.188	0.8005994571042859
SRP012682	fallopian_tube	TPM_QNT_WTO	2.763297213260181	5.31207819331386	0.8263575467836262	asinh	7	23996813030299.906	0.8610602932806956
SRP012682	heart	TPM_QNT_WTO	1.186755019375442	2.2663530311250986	0.6193516194556565	asinh	489	39369470293725.52	0.8295588197843352
SRP012682	kidney	TPM_QNT_WTO	0.3841475795048798	0.7158832032813179	0.5575138047829569	asinh	36	22272752539960.25	0.7985829147013058
SRP012682	liver	TPM_QNT_WTO	0.8166234297221225	1.2129448139247723	0.6240283106126796	asinh	136	43479116110667.48	0.8611651199044741
SRP012682	lung	TPM_QNT_WTO	0.32151641292659294	0.35442886114630984	0.5662001200037992	asinh	374	43149889822933.25	0.8357935494798248
SRP012682	muscle	TPM_QNT_WTO	1.0762523182612769	2.094836264833096	0.6305527674610012	asinh	475	41509031431766.15	0.8758770579357273
SRP012682	nerve	TPM_QNT_WTO	0.11902241193598831	0.22553266952703746	0.5269536520213514	asinh	335	30490143371729.26	0.8983040598566469
SRP012682	ovary	TPM_QNT_WTO	0.250027238390492	0.578508442946792	0.546209913439121	asinh	108	16778882363032.21	0.8929019389320334
SRP012682	pancreas	TPM_QNT_WTO	1.0490389769242714	2.0576113725686405	0.6185783009869503	asinh	197	25331676437836.96	0.9071555030828208
SRP012682	prostate	TPM_QNT_WTO	0.16624301561038798	0.5008454434574211	0.49792763765076486	asinh	119	19232108739791.59	0.8348637170990683
SRP012682	spleen	TPM_QNT_WTO	0.9899778423434434	1.7126434420743026	0.6523404724838215	asinh	118	14346446068866.951	0.9159208419930962
SRP012682	testis	TPM_QNT_WTO	0.5179251723816445	1.0808180190259205	0.5763036577626082	asinh	203	28511044450967.555	0.8975121198521843
SRP012682	uterus	TPM_QNT_WTO	0.29205881325653027	0.5605561507696245	0.5292538076026077	asinh	90	15946606709973.91	0.8770981722633059
SRP012682	bone_marrow	TPM_QNT	0.020800011317928496	-0.11263882541165612	0.5453832756098791	asinh	102	42049900457199.79	0.9928019473064187
SRP012682	breast	TPM_QNT	0.4052699142284269	0.7147503136681053	0.5554501082468555	asinh	218	18879247457177.68	0.8302414835111974
SRP012682	cervix_uteri	TPM_QNT	0.27712430693192325	0.3620192552808108	0.560920144279919	asinh	11	5000055391623.473	0.8542408684699819
SRP012682	colon	TPM_QNT	-0.09581566504714695	-0.26192340426263133	0.4968090786613324	asinh	376	19519544599157.188	0.8005994571042859
SRP012682	fallopian_tube	TPM_QNT	2.5951050634669635	5.1421531918715475	0.8120239983051292	asinh	7	23996813030299.906	0.8610602932806956
SRP012682	heart	TPM_QNT	1.5891357637291477	3.5096241821374625	0.6506738699739287	asinh	489	39369470293725.52	0.8295588197843352
SRP012682	kidney	TPM_QNT	0.4983212816052945	0.9888330779801945	0.5636391805682486	asinh	36	22272752539960.25	0.7985829147013058
SRP012682	liver	TPM_QNT	1.1276481023801137	2.321177492960843	0.6449595997745732	asinh	136	43479116110667.48	0.8611651199044741
SRP012682	lung	TPM_QNT	0.6481133840503922	1.3575347720141318	0.5876191774021251	asinh	374	43149889822933.25	0.8357935494798248
SRP012682	muscle	TPM_QNT	1.2391921696450536	2.7490908080897465	0.6572213692093385	asinh	475	41509031431766.15	0.8758770579357273
SRP012682	nerve	TPM_QNT	0.20117425881174694	0.3717640849345056	0.5317368538214744	asinh	335	30490143371729.26	0.8983040598566469
SRP012682	ovary	TPM_QNT	0.5152916813784105	1.0007414436298394	0.5652769188257878	asinh	108	16778882363032.21	0.8929019389320334
SRP012682	pancreas	TPM_QNT	1.2903271848458664	3.4950166848759388	0.6487378270986603	asinh	197	25331676437836.96	0.9071555030828208
SRP012682	prostate	TPM_QNT	0.44795768316664836	0.7721474652748155	0.543582844808423	asinh	119	19232108739791.59	0.8348637170990683
SRP012682	spleen	TPM_QNT	1.270290805236658	2.0370783925722398	0.6759329752662886	asinh	118	14346446068866.951	0.9159208419930962
SRP012682	testis	TPM_QNT	0.6316016414513361	1.1682120310478938	0.5824898580081133	asinh	203	28511044450967.555	0.8975121198521843
SRP012682	uterus	TPM_QNT	0.5863638815766443	1.0727003163156454	0.5699790127117197	asinh	90	15946606709973.91	0.8770981722633059
SRP012682	bone_marrow	TPM_QNT_CLR	0.10252179151423356	-0.41106627546911834	0.5487920758158538	asinh	102	42049900457199.79	0.9928019473064187
SRP012682	breast	TPM_QNT_CLR	0.4290045442902618	0.8704431662622166	0.5567376477782702	asinh	218	18879247457177.68	0.8302414835111974
SRP012682	cervix_uteri	TPM_QNT_CLR	0.3362032043530981	0.4888353582115308	0.5570299053892462	asinh	11	5000055391623.473	0.8542408684699819
SRP012682	colon	TPM_QNT_CLR	-0.09299588078275695	-0.07749883312520403	0.5002518825618694	asinh	376	19519544599157.188	0.8005994571042859
SRP012682	fallopian_tube	TPM_QNT_CLR	2.5221908406024163	3.2566541546951684	0.7787386502911033	asinh	7	23996813030299.906	0.8610602932806956
SRP012682	heart	TPM_QNT_CLR	1.6200165442399481	3.471822149425078	0.6533827865643502	asinh	489	39369470293725.52	0.8295588197843352
SRP012682	kidney	TPM_QNT_CLR	0.5363796668327335	0.9588798558785666	0.566192095109578	asinh	36	22272752539960.25	0.7985829147013058
SRP012682	liver	TPM_QNT_CLR	1.1449438897566504	2.353915812459282	0.6453691262148986	asinh	136	43479116110667.48	0.8611651199044741
SRP012682	lung	TPM_QNT_CLR	0.5912785423103238	1.2106933836848606	0.5886655586528242	asinh	374	43149889822933.25	0.8357935494798248
SRP012682	muscle	TPM_QNT_CLR	1.239940748616632	2.735586543739999	0.6592833641818459	asinh	475	41509031431766.15	0.8758770579357273
SRP012682	nerve	TPM_QNT_CLR	0.244201211165112	0.4540677716517979	0.5351118773819508	asinh	335	30490143371729.26	0.8983040598566469
SRP012682	ovary	TPM_QNT_CLR	0.5160866539094077	0.8632379198799047	0.563940010202252	asinh	108	16778882363032.21	0.8929019389320334
SRP012682	pancreas	TPM_QNT_CLR	1.2946649832861945	2.7945769667348466	0.643446452657745	asinh	197	25331676437836.96	0.9071555030828208
SRP012682	prostate	TPM_QNT_CLR	0.3798153018794407	0.604202827960744	0.5477244664994529	asinh	119	19232108739791.59	0.8348637170990683
SRP012682	spleen	TPM_QNT_CLR	1.3428056482080084	2.093048686419042	0.67611269028313	asinh	118	14346446068866.951	0.9159208419930962
SRP012682	testis	TPM_QNT_CLR	0.7922812478184866	1.5634482993529244	0.5951412439815229	asinh	203	28511044450967.555	0.8975121198521843
SRP012682	uterus	TPM_QNT_CLR	0.5942014568194345	1.092418550930151	0.5722211941188071	asinh	90	15946606709973.91	0.8770981722633059
