project	tissue	method	log2_auprc_over_prior	auROC	log2_p20r	sample_num	median_spearman	counts_sample_sums_variance
SRP012682	adipose_tissue	WTO	0.04447817387026404	0.5258560024361749	0.14106509964314	620	0.8506274146438043	30066501410326.83
SRP012682	blood	WTO	-0.09100837558882705	0.4995277499179096	-0.13216679999407552	595	0.8210499606496351	47563257529617
SRP012682	bone_marrow	WTO	0.4046436312406363	0.5889456073001789	0.7618302925044848	102	0.9928019473064187	42049900457199.79
SRP012682	brain	WTO	0.24523681179544873	0.557976275129537	0.3924527161560422	1409	0.7523762664025219	46066048954458.94
SRP012682	breast	WTO	0.9911239958776056	0.6919821639932806	1.561779293289137	218	0.8302414835111974	18879247457177.68
SRP012682	cervix_uteri	WTO	0.5312459652139742	0.6357812513724994	0.5705619601034152	11	0.8542408684699819	5000055391623.473
SRP012682	colon	WTO	0.0645341304336803	0.5191470590750917	0.08647690198592187	376	0.8005994571042859	19519544599157.188
SRP012682	fallopian_tube	WTO	1.9072917468050476	0.8112933647984271	2.8791187860377536	7	0.8610602932806956	23996813030299.906
SRP012682	heart	WTO	-0.13000755725902077	0.48225824168527964	-0.374413355643219	489	0.8295588197843352	39369470293725.52
SRP012682	kidney	WTO	0.2136334682112858	0.5441616468032713	0.525758409081851	36	0.7985829147013058	22272752539960.25
SRP012682	liver	WTO	0.5403630186486391	0.6022366309491538	0.8963445358475123	136	0.8611651199044741	43479116110667.48
SRP012682	lung	WTO	0.01300823721265521	0.5072393219342821	0.14156021176388794	374	0.8357935494798248	43149889822933.25
SRP012682	muscle	WTO	0.24697211958879234	0.5492483531139705	0.27761736318118796	475	0.8758770579357273	41509031431766.15
SRP012682	nerve	WTO	0.02383278433066972	0.48911891482349645	0.1763856639803844	335	0.8983040598566469	30490143371729.26
SRP012682	ovary	WTO	1.0995057201802418	0.6972013559687973	1.5366882672521651	108	0.8929019389320334	16778882363032.21
SRP012682	pancreas	WTO	-0.2517614054838131	0.4407380671709227	-0.32090025068508943	197	0.9071555030828208	25331676437836.96
SRP012682	prostate	WTO	0.68731243482704	0.6028034450138335	1.0858079441785775	119	0.8348637170990683	19232108739791.59
SRP012682	skin	WTO	1.249813701116051	0.6636514815156431	2.0839945012217957	972	0.8240569875401347	27032090903840.29
SRP012682	spleen	WTO	-0.5656663980608492	0.35914258507777497	-1.2586008382728973	118	0.9159208419930962	14346446068866.951
SRP012682	testis	WTO	0.4876044729299375	0.5985126110936676	0.758670519523902	203	0.8975121198521843	28511044450967.555
SRP012682	uterus	WTO	1.2488136061504058	0.7130346951418396	1.8806853738018692	90	0.8770981722633059	15946606709973.91
SRP012682	adipose_tissue	counts	0.5582802291188157	0.6233359545424868	0.8515584824481552	620	0.8506274146438043	30066501410326.83
SRP012682	blood	counts	0.21348958120007527	0.5554362511111215	0.3477588001447962	595	0.8210499606496351	47563257529617
SRP012682	bone_marrow	counts	0.06980930854951967	0.5669591698819048	-0.23816970749551522	102	0.9928019473064187	42049900457199.79
SRP012682	brain	counts	0.49016569822871026	0.5915294139734577	0.8324942215647805	1409	0.7523762664025219	46066048954458.94
SRP012682	breast	counts	1.2282633528524676	0.7193793146367184	1.9573206169421835	218	0.8302414835111974	18879247457177.68
SRP012682	cervix_uteri	counts	0.7698877071366739	0.6576577639824279	0.9613214614339798	11	0.8542408684699819	5000055391623.473
SRP012682	colon	counts	0.17611649587630376	0.53930224369212	0.349511307819716	376	0.8005994571042859	19519544599157.188
SRP012682	fallopian_tube	counts	2.250749436976626	0.8213360856621641	4.31207819331386	7	0.8610602932806956	23996813030299.906
SRP012682	heart	counts	1.2735012677193924	0.6376308828838724	2.485443706121792	489	0.8295588197843352	39369470293725.52
SRP012682	kidney	counts	0.6048708651354319	0.6074156283883347	1.0014042154595075	36	0.7985829147013058	22272752539960.25
SRP012682	liver	counts	1.1610005567292487	0.6876741197487348	2.013188589031354	136	0.8611651199044741	43479116110667.48
SRP012682	lung	counts	0.5457491406124629	0.6045614104022654	1.1415602117638879	374	0.8357935494798248	43149889822933.25
SRP012682	muscle	counts	1.2072721666749915	0.6841688204928644	2.124151831657652	475	0.8758770579357273	41509031431766.15
SRP012682	nerve	counts	0.1743094550857125	0.5262253944855289	0.35001450154405056	335	0.8983040598566469	30490143371729.26
SRP012682	ovary	counts	1.190600257107816	0.6969260885759461	1.8415428487805858	108	0.8929019389320334	16778882363032.21
SRP012682	pancreas	counts	0.47505178240168683	0.5748105423927079	0.5721845453983986	197	0.9071555030828208	25331676437836.96
SRP012682	prostate	counts	0.9576184832971718	0.641198752732631	1.497287624044232	119	0.8348637170990683	19232108739791.59
SRP012682	skin	counts	1.4843817802521222	0.6901707222866555	2.71404489147149	972	0.8240569875401347	27032090903840.29
SRP012682	spleen	counts	0.29431089424612555	0.5846681998020422	0.45211589185108353	118	0.9159208419930962	14346446068866.951
SRP012682	testis	counts	0.8277199447156474	0.6363299242902478	1.3761763935093803	203	0.8975121198521843	28511044450967.555
SRP012682	uterus	counts	1.4211648622116446	0.7346631798613394	2.032436446101918	90	0.8770981722633059	15946606709973.91
SRP012682	adipose_tissue	CLR	0.7287105063981304	0.6423714115555086	1.8040301123655693	620	0.8506274146438043	30066501410326.83
SRP012682	blood	CLR	0.6624546977130813	0.5881039521460991	1.4572080265789873	595	0.8210499606496351	47563257529617
SRP012682	bone_marrow	CLR	0.08986714421078996	0.5740874420401951	-0.13010996163806215	102	0.9928019473064187	42049900457199.79
SRP012682	brain	CLR	0.5149259367114554	0.5924023294074168	0.8528012048851391	1409	0.7523762664025219	46066048954458.94
SRP012682	breast	CLR	1.0505637606114675	0.6933763573389342	1.6280129916892236	218	0.8302414835111974	18879247457177.68
SRP012682	cervix_uteri	CLR	0.6480885501511654	0.6455486598342581	0.932400419078261	11	0.8542408684699819	5000055391623.473
SRP012682	colon	CLR	0.1714627622348866	0.5306525967688849	0.47504218990357483	376	0.8005994571042859	19519544599157.188
SRP012682	fallopian_tube	CLR	2.6031515948981836	0.8154317922098926	3.408657248140218	7	0.8610602932806956	23996813030299.906
SRP012682	heart	CLR	1.7195786075003252	0.6721392126209516	4.365888704676013	489	0.8295588197843352	39369470293725.52
SRP012682	kidney	CLR	0.6832285458818962	0.6114069016136767	1.1701801330073889	36	0.7985829147013058	22272752539960.25
SRP012682	liver	CLR	1.401312118059837	0.6974371849615295	2.822641182632114	136	0.8611651199044741	43479116110667.48
SRP012682	lung	CLR	0.7159475930742362	0.6154729921922879	1.233413460184944	374	0.8357935494798248	43149889822933.25
SRP012682	muscle	CLR	1.4648357468732334	0.7058322714612046	3.3474323386121023	475	0.8758770579357273	41509031431766.15
SRP012682	nerve	CLR	0.2835455716324722	0.5448323030759177	0.42477346485775985	335	0.8983040598566469	30490143371729.26
SRP012682	ovary	CLR	0.9311584419150708	0.6635142722074576	1.195179803395286	108	0.8929019389320334	16778882363032.21
SRP012682	pancreas	CLR	1.434351403691502	0.6125187170092055	3.254008585372144	197	0.9071555030828208	25331676437836.96
SRP012682	prostate	CLR	0.8572795318884436	0.6378863762352296	1.4566456395468863	119	0.8348637170990683	19232108739791.59
SRP012682	skin	CLR	1.6501646945556963	0.6930271767761091	2.8106181511665427	972	0.8240569875401347	27032090903840.29
SRP012682	spleen	CLR	1.1104003925685595	0.6589980003514064	2.16343801431044	118	0.9159208419930962	14346446068866.951
SRP012682	testis	CLR	0.7827344498058798	0.623917220836752	1.3491081503112095	203	0.8975121198521843	28511044450967.555
SRP012682	uterus	CLR	1.108280672762818	0.6973548693512974	1.600448877893137	90	0.8770981722633059	15946606709973.91
SRP012682	adipose_tissue	QNT_WTO	1.0338265497967214	0.6058573652458499	2.4629931945305024	620	0.8506274146438043	30066501410326.83
SRP012682	blood	QNT_WTO	0.420503274385347	0.5580410335498733	0.8389196434555777	595	0.8210499606496351	47563257529617
SRP012682	bone_marrow	QNT_WTO	-0.026390758468144936	0.5347492856877238	-0.17676916283137178	102	0.9928019473064187	42049900457199.79
SRP012682	brain	QNT_WTO	0.1311321566234365	0.5338261244277298	0.30672284213015827	1409	0.7523762664025219	46066048954458.94
SRP012682	breast	QNT_WTO	0.07098568221605195	0.530380474220955	-0.022215280498100707	218	0.8302414835111974	18879247457177.68
SRP012682	cervix_uteri	QNT_WTO	0.05711487630663865	0.5399213284413662	-0.16955769384032177	11	0.8542408684699819	5000055391623.473
SRP012682	colon	QNT_WTO	-0.14737289241852297	0.4867367787457546	-0.26192340426263133	376	0.8005994571042859	19519544599157.188
SRP012682	fallopian_tube	QNT_WTO	3.14929940732678	0.8431769060446115	5.049043787480066	7	0.8610602932806956	23996813030299.906
SRP012682	heart	QNT_WTO	1.2003106818710148	0.6275940933457846	2.338143714193109	489	0.8295588197843352	39369470293725.52
SRP012682	kidney	QNT_WTO	0.4039808462979348	0.5632677750686028	0.7454274788953333	36	0.7985829147013058	22272752539960.25
SRP012682	liver	QNT_WTO	0.8425187644171203	0.6283256346454102	1.2461116778599715	136	0.8611651199044741	43479116110667.48
SRP012682	lung	QNT_WTO	0.3154710317286221	0.5636297651805542	0.4737277895186541	374	0.8357935494798248	43149889822933.25
SRP012682	muscle	QNT_WTO	1.1111635036720524	0.630503187610465	2.329565917818589	475	0.8758770579357273	41509031431766.15
SRP012682	nerve	QNT_WTO	0.13511517495281164	0.5296612134567589	0.2292750712128545	335	0.8983040598566469	30490143371729.26
SRP012682	ovary	QNT_WTO	0.29019998750499576	0.5521251457775946	0.4789727693958776	108	0.8929019389320334	16778882363032.21
SRP012682	pancreas	QNT_WTO	1.2782852693182176	0.6219350294902597	2.254008585372144	197	0.9071555030828208	25331676437836.96
SRP012682	prostate	QNT_WTO	0.1488383924951376	0.5023548878310251	0.26964712474563246	119	0.8348637170990683	19232108739791.59
SRP012682	skin	QNT_WTO	0.9760010370854086	0.6135915632501039	1.7577662689008078	972	0.8240569875401347	27032090903840.29
SRP012682	spleen	QNT_WTO	0.8829897036790537	0.6497581625216036	1.511009580904652	118	0.9159208419930962	14346446068866.951
SRP012682	testis	QNT_WTO	0.6247583940221259	0.5911764350153454	1.1682120310478938	203	0.8975121198521843	28511044450967.555
SRP012682	uterus	QNT_WTO	0.2988745550774218	0.5324367389445825	0.4406526795247481	90	0.8770981722633059	15946606709973.91
SRP012682	adipose_tissue	QNT	0.9571099886651158	0.6117228893155335	2.3889926130867254	620	0.8506274146438043	30066501410326.83
SRP012682	blood	QNT	0.5093483623307886	0.5675179956597916	1.0081320269328509	595	0.8210499606496351	47563257529617
SRP012682	bone_marrow	QNT	0.005690229430597495	0.5360925090848738	-0.11263882541165612	102	0.9928019473064187	42049900457199.79
SRP012682	brain	QNT	0.3642042254698666	0.5529794122952154	0.7364071173734035	1409	0.7523762664025219	46066048954458.94
SRP012682	breast	QNT	0.35901384093462413	0.5582992610267326	0.6093973135218765	218	0.8302414835111974	18879247457177.68
SRP012682	cervix_uteri	QNT	0.2561878796227932	0.5599564312660767	0.29440122542734265	11	0.8542408684699819	5000055391623.473
SRP012682	colon	QNT	-0.12119712186965842	0.4887484465932168	-0.26192340426263133	376	0.8005994571042859	19519544599157.188
SRP012682	fallopian_tube	QNT	2.698141735829797	0.8221356878331534	4.949508113929151	7	0.8610602932806956	23996813030299.906
SRP012682	heart	QNT	1.6874638529689923	0.6615779637771979	4.061034123147592	489	0.8295588197843352	39369470293725.52
SRP012682	kidney	QNT	0.5322770852573095	0.568712009063919	0.9888330779801945	36	0.7985829147013058	22272752539960.25
SRP012682	liver	QNT	1.1643194895580218	0.6495041766405585	2.3828698153670844	136	0.8611651199044741	43479116110667.48
SRP012682	lung	QNT	0.6895837330809739	0.5851568061969381	1.3575347720141318	374	0.8357935494798248	43149889822933.25
SRP012682	muscle	QNT	1.2583833514979	0.659305798643512	2.81049135275389	475	0.8758770579357273	41509031431766.15
SRP012682	nerve	QNT	0.1811944250734953	0.5295235240509477	0.3536622785591949	335	0.8983040598566469	30490143371729.26
SRP012682	ovary	QNT	0.5162371367434836	0.567774427419149	0.9790463725305206	108	0.8929019389320334	16778882363032.21
SRP012682	pancreas	QNT	1.3714951450128494	0.645291482654418	4.116505061622209	197	0.9071555030828208	25331676437836.96
SRP012682	prostate	QNT	0.4275660289975579	0.5470539819998557	0.7721474652748155	119	0.8348637170990683	19232108739791.59
SRP012682	skin	QNT	1.337464472583818	0.6354808808528638	2.7791399196933746	972	0.8240569875401347	27032090903840.29
SRP012682	spleen	QNT	1.273821431396611	0.6768408661200205	2.095972081625808	118	0.9159208419930962	14346446068866.951
SRP012682	testis	QNT	0.6919216916562826	0.5967158185054089	1.2008782199682162	203	0.8975121198521843	28511044450967.555
SRP012682	uterus	QNT	0.5954178153062419	0.5740096573697215	1.0793030511398927	90	0.8770981722633059	15946606709973.91
SRP012682	adipose_tissue	QNT_CLR	0.9543694338858851	0.615183819202489	2.067064518199363	620	0.8506274146438043	30066501410326.83
SRP012682	blood	QNT_CLR	0.6287049460813225	0.5736689758625744	1.2480591075618097	595	0.8210499606496351	47563257529617
SRP012682	bone_marrow	QNT_CLR	0.07998068637097222	0.5337145574339068	-0.048496196084410276	102	0.9928019473064187	42049900457199.79
SRP012682	brain	QNT_CLR	0.40236991572210756	0.5556308742008937	0.7436751178374428	1409	0.7523762664025219	46066048954458.94
SRP012682	breast	QNT_CLR	0.47456618995587957	0.561109486907533	0.8704431662622166	218	0.8302414835111974	18879247457177.68
SRP012682	cervix_uteri	QNT_CLR	0.3553112571375176	0.5599286047304268	0.4965918018459653	11	0.8542408684699819	5000055391623.473
SRP012682	colon	QNT_CLR	-0.12882267811147277	0.49084813263861804	-0.44403781471285797	376	0.8005994571042859	19519544599157.188
SRP012682	fallopian_tube	QNT_CLR	2.281673202774004	0.7857608533153382	3.202206370672792	7	0.8610602932806956	23996813030299.906
SRP012682	heart	QNT_CLR	1.6565697240225168	0.6628295091685033	3.534286236371732	489	0.8295588197843352	39369470293725.52
SRP012682	kidney	QNT_CLR	0.5096460684100541	0.568785283986422	1.0084618847291271	36	0.7985829147013058	22272752539960.25
SRP012682	liver	QNT_CLR	1.1450083823823884	0.6492920704822858	2.401000948529023	136	0.8611651199044741	43479116110667.48
SRP012682	lung	QNT_CLR	0.6501893626766551	0.5860566618303196	1.3575347720141318	374	0.8357935494798248	43149889822933.25
SRP012682	muscle	QNT_CLR	1.2052170030209863	0.6618064099876655	2.7844961442209453	475	0.8758770579357273	41509031431766.15
SRP012682	nerve	QNT_CLR	0.1971647743970926	0.5302697939493761	0.35001450154405056	335	0.8983040598566469	30490143371729.26
SRP012682	ovary	QNT_CLR	0.4488990026242352	0.5641166901047541	0.8009008642832399	108	0.8929019389320334	16778882363032.21
SRP012682	pancreas	QNT_CLR	1.3668859804666427	0.6434443768158786	3.3795394674560026	197	0.9071555030828208	25331676437836.96
SRP012682	prostate	QNT_CLR	0.39040452881618326	0.5508791695260236	0.7196800453806799	119	0.8348637170990683	19232108739791.59
SRP012682	skin	QNT_CLR	1.420243988819254	0.6404771757539756	2.71404489147149	972	0.8240569875401347	27032090903840.29
SRP012682	spleen	QNT_CLR	1.3175190339050267	0.6765052304216894	2.0190481049752655	118	0.9159208419930962	14346446068866.951
SRP012682	testis	QNT_CLR	0.8437500196783708	0.6054363266709437	1.5526415443963413	203	0.8975121198521843	28511044450967.555
SRP012682	uterus	QNT_CLR	0.5758631897277081	0.5734400826538106	1.0256151802459044	90	0.8770981722633059	15946606709973.91
SRP012682	adipose_tissue	CTF_WTO	0.23080904412597936	0.5665775613433333	0.48210201747820686	620	0.8506274146438043	30066501410326.83
SRP012682	blood	CTF_WTO	0.3074283322813095	0.5807778712864682	0.5276882535464544	595	0.8210499606496351	47563257529617
SRP012682	bone_marrow	CTF_WTO	0.36243533206469103	0.5877069497619729	0.7618302925044848	102	0.9928019473064187	42049900457199.79
SRP012682	brain	CTF_WTO	0.14197032893958045	0.5290406859269439	0.27164213594457326	1409	0.7523762664025219	46066048954458.94
SRP012682	breast	CTF_WTO	1.088905913465871	0.7037393366419273	1.561779293289137	218	0.8302414835111974	18879247457177.68
SRP012682	cervix_uteri	CTF_WTO	0.6623054650917723	0.6649975304493054	0.7203133619301848	11	0.8542408684699819	5000055391623.473
SRP012682	colon	CTF_WTO	0.017814910605783704	0.509069759859635	0.21200778406978069	376	0.8005994571042859	19519544599157.188
SRP012682	fallopian_tube	CTF_WTO	0.8173174453840398	0.7196766449140917	0.8526465746765626	7	0.8610602932806956	23996813030299.906
SRP012682	heart	CTF_WTO	0.20627959078853456	0.5644323573405678	0.26553056884780296	489	0.8295588197843352	39369470293725.52
SRP012682	kidney	CTF_WTO	0.28737485284639175	0.5640490968489722	0.4262227355309368	36	0.7985829147013058	22272752539960.25
SRP012682	liver	CTF_WTO	0.7195363946271862	0.6360609790426324	1.1229634470871068	136	0.8611651199044741	43479116110667.48
SRP012682	lung	CTF_WTO	0.011750961600428805	0.5063444119151832	0.1654069537182556	374	0.8357935494798248	43149889822933.25
SRP012682	muscle	CTF_WTO	0.5512940130245167	0.6183711883764573	0.7310568852594849	475	0.8758770579357273	41509031431766.15
SRP012682	nerve	CTF_WTO	0.023742479440096113	0.4884439375164291	0.22178053466593015	335	0.8983040598566469	30490143371729.26
SRP012682	ovary	CTF_WTO	0.9765816125025926	0.6886772065359992	1.2565803480594295	108	0.8929019389320334	16778882363032.21
SRP012682	pancreas	CTF_WTO	0.08867466792292918	0.5282297361327757	-0.07989215118129468	197	0.9071555030828208	25331676437836.96
SRP012682	prostate	CTF_WTO	0.8339807285754361	0.6172903175647662	1.5497550439383676	119	0.8348637170990683	19232108739791.59
SRP012682	skin	CTF_WTO	1.1973143377330075	0.6686493850024675	2.063235941054998	972	0.8240569875401347	27032090903840.29
SRP012682	spleen	CTF_WTO	-0.5124936143477885	0.3822785391062755	-1.0961739180617878	118	0.9159208419930962	14346446068866.951
SRP012682	testis	CTF_WTO	0.2740655776052348	0.5750117693573813	0.3921768722030954	203	0.8975121198521843	28511044450967.555
SRP012682	uterus	CTF_WTO	1.2379150914439805	0.7231643313640603	1.639268126783665	90	0.8770981722633059	15946606709973.91
SRP012682	adipose_tissue	CTF	0.7389896954511341	0.6484955806583521	0.9890620061980899	620	0.8506274146438043	30066501410326.83
SRP012682	blood	CTF	0.6283489241120049	0.6128880268572949	1.0722693957380747	595	0.8210499606496351	47563257529617
SRP012682	bone_marrow	CTF	0.07329697160254182	0.5673720501532387	-0.23816970749551522	102	0.9928019473064187	42049900457199.79
SRP012682	brain	CTF	0.4241552379199172	0.5756661264940099	0.7581021884727225	1409	0.7523762664025219	46066048954458.94
SRP012682	breast	CTF	1.1752541912957637	0.70922786961588	1.9260696829577437	218	0.8302414835111974	18879247457177.68
SRP012682	cervix_uteri	CTF	0.9371804634458359	0.6860598738385129	1.2158754797945401	11	0.8542408684699819	5000055391623.473
SRP012682	colon	CTF	0.18132809128196334	0.5347665483831641	0.574577863454489	376	0.8005994571042859	19519544599157.188
SRP012682	fallopian_tube	CTF	1.7260241519527972	0.7827862392097487	3.3120781933138597	7	0.8610602932806956	23996813030299.906
SRP012682	heart	CTF	1.4758551361434185	0.6605406171286674	3.2375161926782066	489	0.8295588197843352	39369470293725.52
SRP012682	kidney	CTF	0.5875092546420134	0.5917495970901498	1.030550561119024	36	0.7985829147013058	22272752539960.25
SRP012682	liver	CTF	1.3032381922056493	0.695243552033773	2.3693865860034626	136	0.8611651199044741	43479116110667.48
SRP012682	lung	CTF	0.5469521406200758	0.602363885038887	1.1173126655172108	374	0.8357935494798248	43149889822933.25
SRP012682	muscle	CTF	1.4039819168954615	0.7137455384824918	2.6942983352493672	475	0.8758770579357273	41509031431766.15
SRP012682	nerve	CTF	0.17619801047918193	0.5259209661806743	0.3609302790232341	335	0.8983040598566469	30490143371729.26
SRP012682	ovary	CTF	1.12837157199652	0.6905351415733172	1.5989725455065078	108	0.8929019389320334	16778882363032.21
SRP012682	pancreas	CTF	0.9952949519748638	0.6132757339999273	1.7945769667348466	197	0.9071555030828208	25331676437836.96
SRP012682	prostate	CTF	1.0371963635490924	0.6521439547747647	1.649290717489282	119	0.8348637170990683	19232108739791.59
SRP012682	skin	CTF	1.4680521897981622	0.6958168914532941	2.6224144160059217	972	0.8240569875401347	27032090903840.29
SRP012682	spleen	CTF	0.34429020734962235	0.5967522491076842	0.3907153471869402	118	0.9159208419930962	14346446068866.951
SRP012682	testis	CTF	0.7632584167021296	0.6258345768521032	1.1682120310478938	203	0.8975121198521843	28511044450967.555
SRP012682	uterus	CTF	1.4047533187863428	0.7387466174999489	2.0594034937021877	90	0.8770981722633059	15946606709973.91
SRP012682	adipose_tissue	CTF_CLR	0.9988192606649458	0.656278915400474	1.8040301123655693	620	0.8506274146438043	30066501410326.83
SRP012682	blood	CTF_CLR	0.7611935180546436	0.6120958886411643	1.4282012132993747	595	0.8210499606496351	47563257529617
SRP012682	bone_marrow	CTF_CLR	0.09060541099176483	0.5740874420198132	-0.13010996163806215	102	0.9928019473064187	42049900457199.79
SRP012682	brain	CTF_CLR	0.5308456237250417	0.5834266301351327	0.9067736475233362	1409	0.7523762664025219	46066048954458.94
SRP012682	breast	CTF_CLR	1.0963779749867992	0.6901380048130683	1.5422831176633396	218	0.8302414835111974	18879247457177.68
SRP012682	cervix_uteri	CTF_CLR	0.8031004254082449	0.6717429309070475	1.089269267695127	11	0.8542408684699819	5000055391623.473
SRP012682	colon	CTF_CLR	0.2055188069295063	0.5262020879010123	0.555962185287142	376	0.8005994571042859	19519544599157.188
SRP012682	fallopian_tube	CTF_CLR	2.511155903346987	0.8135058522342753	4.671691653974012	7	0.8610602932806956	23996813030299.906
SRP012682	heart	CTF_CLR	1.749780850066719	0.6801934766619873	3.617427471671977	489	0.8295588197843352	39369470293725.52
SRP012682	kidney	CTF_CLR	0.6526408029626107	0.5936734040992739	1.1701801330073889	36	0.7985829147013058	22272752539960.25
SRP012682	liver	CTF_CLR	1.394281621139914	0.6969309262751366	2.8094053554754197	136	0.8611651199044741	43479116110667.48
SRP012682	lung	CTF_CLR	0.6971553229206368	0.6138465763238123	1.1403040557934625	374	0.8357935494798248	43149889822933.25
SRP012682	muscle	CTF_CLR	1.4814032016774967	0.7176181171907494	3.246310414169237	475	0.8758770579357273	41509031431766.15
SRP012682	nerve	CTF_CLR	0.28598474035964155	0.5447914147848607	0.42846794841550134	335	0.8983040598566469	30490143371729.26
SRP012682	ovary	CTF_CLR	0.894044914177142	0.6602992683915581	1.2159383635620837	108	0.8929019389320334	16778882363032.21
SRP012682	pancreas	CTF_CLR	1.452811465702342	0.6264657423298736	3.1165050616222087	197	0.9071555030828208	25331676437836.96
SRP012682	prostate	CTF_CLR	0.9436497968317205	0.6462778172985999	1.497287624044232	119	0.8348637170990683	19232108739791.59
SRP012682	skin	CTF_CLR	1.6978428932830727	0.7012441773783706	3.253919502664108	972	0.8240569875401347	27032090903840.29
SRP012682	spleen	CTF_CLR	1.1731264106955805	0.6641713635742974	2.093048686419042	118	0.9159208419930962	14346446068866.951
SRP012682	testis	CTF_CLR	0.8038450711807554	0.6201671195005396	1.3545625804033177	203	0.8975121198521843	28511044450967.555
SRP012682	uterus	CTF_CLR	1.1382517602174895	0.7013859757483196	1.6456376516593925	90	0.8770981722633059	15946606709973.91
SRP012682	adipose_tissue	CUF_WTO	0.21701116373304186	0.5651917826993795	0.30152977183638613	620	0.8506274146438043	30066501410326.83
SRP012682	blood	CUF_WTO	0.5465718495647761	0.5993959389853813	0.924429927234561	595	0.8210499606496351	47563257529617
SRP012682	bone_marrow	CUF_WTO	0.3342262393127171	0.5858489589357241	0.7618302925044848	102	0.9928019473064187	42049900457199.79
SRP012682	brain	CUF_WTO	0.10569616652775511	0.5229763414282367	0.22475041937703194	1409	0.7523762664025219	46066048954458.94
SRP012682	breast	CUF_WTO	1.1094581111978128	0.7049383766431987	1.5810155121520544	218	0.8302414835111974	18879247457177.68
SRP012682	cervix_uteri	CUF_WTO	0.6732357604022564	0.6653226033305835	0.7282849538821358	11	0.8542408684699819	5000055391623.473
SRP012682	colon	CUF_WTO	0.015920361340864723	0.5092387307292832	0.1340052720685079	376	0.8005994571042859	19519544599157.188
SRP012682	fallopian_tube	CUF_WTO	0.9416312354602316	0.7359738785747574	1.1421531918715475	7	0.8610602932806956	23996813030299.906
SRP012682	heart	CUF_WTO	0.27145933080711204	0.5736265831092808	0.42073801673397676	489	0.8295588197843352	39369470293725.52
SRP012682	kidney	CUF_WTO	0.3810168630682068	0.5796592894749963	0.6423887678315747	36	0.7985829147013058	22272752539960.25
SRP012682	liver	CUF_WTO	0.7444464367595867	0.6410102499225729	1.1371773063068074	136	0.8611651199044741	43479116110667.48
SRP012682	lung	CUF_WTO	0.032857442235567975	0.5120082546381788	0.1654069537182556	374	0.8357935494798248	43149889822933.25
SRP012682	muscle	CUF_WTO	0.6096137678461591	0.6268859849739492	0.8383255609506156	475	0.8758770579357273	41509031431766.15
SRP012682	nerve	CUF_WTO	0.024542409721097686	0.4889603653175172	0.19457878074635385	335	0.8983040598566469	30490143371729.26
SRP012682	ovary	CUF_WTO	1.0248678056238822	0.6906957830204696	1.4265053495017421	108	0.8929019389320334	16778882363032.21
SRP012682	pancreas	CUF_WTO	0.09212066025408044	0.5282303527732601	-0.14402248860101013	197	0.9071555030828208	25331676437836.96
SRP012682	prostate	CUF_WTO	0.8308247495245117	0.6165110529518145	1.3862563116554882	119	0.8348637170990683	19232108739791.59
SRP012682	skin	CUF_WTO	1.1829547269522902	0.6681113904262901	2.104458603781511	972	0.8240569875401347	27032090903840.29
SRP012682	spleen	CUF_WTO	-0.5216515673431906	0.37847988487881423	-1.2274848905876006	118	0.9159208419930962	14346446068866.951
SRP012682	testis	CUF_WTO	0.31144777459869966	0.5783558332174863	0.4799724766981091	203	0.8975121198521843	28511044450967.555
SRP012682	uterus	CUF_WTO	1.3140957484272533	0.7238897663234702	1.8680300729958401	90	0.8770981722633059	15946606709973.91
SRP012682	adipose_tissue	CUF	0.7341013083205472	0.648868275069578	0.9065998460061171	620	0.8506274146438043	30066501410326.83
SRP012682	blood	CUF	0.7455909609801136	0.621911264837788	1.2927246132993286	595	0.8210499606496351	47563257529617
SRP012682	bone_marrow	CUF	0.06253988722465403	0.5655140395584759	-0.23816970749551522	102	0.9928019473064187	42049900457199.79
SRP012682	brain	CUF	0.4060666578848951	0.571958737108794	0.7235993410727832	1409	0.7523762664025219	46066048954458.94
SRP012682	breast	CUF	1.1825237531793864	0.7096225011615545	1.9155004412475567	218	0.8302414835111974	18879247457177.68
SRP012682	cervix_uteri	CUF	0.9389358908935064	0.6856562695778763	1.2276206874676394	11	0.8542408684699819	5000055391623.473
SRP012682	colon	CUF	0.17700152731556523	0.5337601318591929	0.5905194073235107	376	0.8005994571042859	19519544599157.188
SRP012682	fallopian_tube	CUF	1.8283720466519955	0.7904943941805094	3.3120781933138597	7	0.8610602932806956	23996813030299.906
SRP012682	heart	CUF	1.4796915902882635	0.6615444135039219	3.2224093002879983	489	0.8295588197843352	39369470293725.52
SRP012682	kidney	CUF	0.6247664466104621	0.5968094334209226	1.0496593840667285	36	0.7985829147013058	22272752539960.25
SRP012682	liver	CUF	1.2998494498608788	0.6955221612070481	2.3625974203408235	136	0.8611651199044741	43479116110667.48
SRP012682	lung	CUF	0.581652885297235	0.6054555844633605	1.1654069537182556	374	0.8357935494798248	43149889822933.25
SRP012682	muscle	CUF	1.402207585474782	0.7140388137707347	2.6942983352493672	475	0.8758770579357273	41509031431766.15
SRP012682	nerve	CUF	0.17611017663878056	0.5261204243819861	0.3609302790232341	335	0.8983040598566469	30490143371729.26
SRP012682	ovary	CUF	1.1493743461740675	0.6891788466749595	1.619150427444138	108	0.8929019389320334	16778882363032.21
SRP012682	pancreas	CUF	1.029640388740079	0.6136117005101092	1.9320804904847813	197	0.9071555030828208	25331676437836.96
SRP012682	prostate	CUF	1.0545194384878058	0.6499825688996452	1.7721474652748155	119	0.8348637170990683	19232108739791.59
SRP012682	skin	CUF	1.4603144311609115	0.6951005679870583	2.634191583782275	972	0.8240569875401347	27032090903840.29
SRP012682	spleen	CUF	0.3595703639751137	0.5972686523855444	0.4902510207378547	118	0.9159208419930962	14346446068866.951
SRP012682	testis	CUF	0.7800600971579527	0.6257700968553088	1.1846375789610053	203	0.8975121198521843	28511044450967.555
SRP012682	uterus	CUF	1.428403827771403	0.7382853968774441	2.124694953953907	90	0.8770981722633059	15946606709973.91
SRP012682	adipose_tissue	CUF_CLR	1.0038758356206157	0.6558525444249739	1.8040301123655693	620	0.8506274146438043	30066501410326.83
SRP012682	blood	CUF_CLR	0.7031896185622328	0.6140577405217265	1.2549586665794943	595	0.8210499606496351	47563257529617
SRP012682	bone_marrow	CUF_CLR	0.08702746842480079	0.5734674303807665	-0.20049928952946017	102	0.9928019473064187	42049900457199.79
SRP012682	brain	CUF_CLR	0.5374171287262248	0.581649636702906	0.9138197911554575	1409	0.7523762664025219	46066048954458.94
SRP012682	breast	CUF_CLR	1.1141894801070105	0.6900425265133912	1.590538286270561	218	0.8302414835111974	18879247457177.68
SRP012682	cervix_uteri	CUF_CLR	0.7868226073441281	0.6705664354168839	1.054222320595926	11	0.8542408684699819	5000055391623.473
SRP012682	colon	CUF_CLR	0.21469042495141621	0.526454718620915	0.574577863454489	376	0.8005994571042859	19519544599157.188
SRP012682	fallopian_tube	CUF_CLR	2.5563913037969797	0.8142207081881949	4.546160771890153	7	0.8610602932806956	23996813030299.906
SRP012682	heart	CUF_CLR	1.7422058492303583	0.6799475080623942	3.617427471671977	489	0.8295588197843352	39369470293725.52
SRP012682	kidney	CUF_CLR	0.655601683450038	0.5955914486132059	1.1989391259888127	36	0.7985829147013058	22272752539960.25
SRP012682	liver	CUF_CLR	1.3837051081046836	0.6962101803219518	2.789321109432087	136	0.8611651199044741	43479116110667.48
SRP012682	lung	CUF_CLR	0.7177636170209335	0.6152784860817206	1.1641507977478303	374	0.8357935494798248	43149889822933.25
SRP012682	muscle	CUF_CLR	1.4727362372311958	0.7163835824652622	3.255801863146534	475	0.8758770579357273	41509031431766.15
SRP012682	nerve	CUF_CLR	0.2849587107415083	0.545026634810835	0.4321529952233572	335	0.8983040598566469	30490143371729.26
SRP012682	ovary	CUF_CLR	0.8982954460711773	0.6576440898986604	1.1741181878674567	108	0.8929019389320334	16778882363032.21
SRP012682	pancreas	CUF_CLR	1.4132323136588425	0.6259623408309594	2.9100541841547822	197	0.9071555030828208	25331676437836.96
SRP012682	prostate	CUF_CLR	0.9405717143701415	0.6444359294802915	1.4428398400218554	119	0.8348637170990683	19232108739791.59
SRP012682	skin	CUF_CLR	1.691648576289871	0.7010798237860065	3.2424238638262786	972	0.8240569875401347	27032090903840.29
SRP012682	spleen	CUF_CLR	1.2036113918115905	0.6632213140763028	2.093048686419042	118	0.9159208419930962	14346446068866.951
SRP012682	testis	CUF_CLR	0.7946321587168329	0.6197477299857574	1.3545625804033177	203	0.8975121198521843	28511044450967.555
SRP012682	uterus	CUF_CLR	1.1331059849226919	0.6995226132225625	1.639268126783665	90	0.8770981722633059	15946606709973.91
SRP012682	adipose_tissue	CPM_WTO	0.14885120537862842	0.524141689989861	-0.1345693429702875	620	0.8506274146438043	30066501410326.83
SRP012682	blood	CPM_WTO	-0.05750436944763971	0.5092858668881739	-0.10497098920599833	595	0.8210499606496351	47563257529617
SRP012682	bone_marrow	CPM_WTO	0.023363464942901677	0.5409447383458641	0.09886527978205553	102	0.9928019473064187	42049900457199.79
SRP012682	brain	CPM_WTO	0.36864728560838805	0.5865981628933952	0.5694066963789716	1409	0.7523762664025219	46066048954458.94
SRP012682	breast	CPM_WTO	0.27174339650830404	0.5879520812706431	0.28167137409640164	218	0.8302414835111974	18879247457177.68
SRP012682	cervix_uteri	CPM_WTO	0.21404722615742908	0.5684491733750114	0.1679144413433719	11	0.8542408684699819	5000055391623.473
SRP012682	colon	CPM_WTO	-0.12341637625544546	0.49412465147272044	-0.31850693262899876	376	0.8005994571042859	19519544599157.188
SRP012682	fallopian_tube	CPM_WTO	2.7877703764786586	0.8408727397272671	5.1421531918715475	7	0.8610602932806956	23996813030299.906
SRP012682	heart	CPM_WTO	0.11624246228669806	0.5327427611978095	0.26553056884780296	489	0.8295588197843352	39369470293725.52
SRP012682	kidney	CPM_WTO	0.25495281351705	0.5487249423151646	0.5451237339487819	36	0.7985829147013058	22272752539960.25
SRP012682	liver	CPM_WTO	0.7616362142808191	0.6293323760739966	1.3828698153670844	136	0.8611651199044741	43479116110667.48
SRP012682	lung	CPM_WTO	0.32631875709086516	0.5664624288912883	0.7265227124850441	374	0.8357935494798248	43149889822933.25
SRP012682	muscle	CPM_WTO	0.21744248484059972	0.5463735836717412	0.2510639441398713	475	0.8758770579357273	41509031431766.15
SRP012682	nerve	CPM_WTO	0.15205211356554565	0.5326981268742834	0.313020294061849	335	0.8983040598566469	30490143371729.26
SRP012682	ovary	CPM_WTO	0.5971783485174539	0.6017310702992411	0.8846115706724719	108	0.8929019389320334	16778882363032.21
SRP012682	pancreas	CPM_WTO	-0.2649476180010244	0.4343332219106948	-0.6204605325439975	197	0.9071555030828208	25331676437836.96
SRP012682	prostate	CPM_WTO	0.10333784216966628	0.495412773154591	0.23781103762362726	119	0.8348637170990683	19232108739791.59
SRP012682	skin	CPM_WTO	0.9545639896829613	0.6081281456103547	1.7251000799804856	972	0.8240569875401347	27032090903840.29
SRP012682	spleen	CPM_WTO	0.48839622110356784	0.6084775642318832	0.8329376757920144	118	0.9159208419930962	14346446068866.951
SRP012682	testis	CPM_WTO	0.6660319838110572	0.5946335359325978	1.1626950260803282	203	0.8975121198521843	28511044450967.555
SRP012682	uterus	CPM_WTO	0.3887457584893883	0.5533287682136674	0.8162686453060988	90	0.8770981722633059	15946606709973.91
SRP012682	adipose_tissue	CPM	0.628405610223057	0.5776047765041419	0.9890620061980899	620	0.8506274146438043	30066501410326.83
SRP012682	blood	CPM	0.19563727211600052	0.5533266832617691	0.31931882331104194	595	0.8210499606496351	47563257529617
SRP012682	bone_marrow	CPM	0.09261390613581279	0.5499243751552818	0.09886527978205553	102	0.9928019473064187	42049900457199.79
SRP012682	brain	CPM	0.5390209232767592	0.6008812440739355	0.8836330705565815	1409	0.7523762664025219	46066048954458.94
SRP012682	breast	CPM	0.6484695727872367	0.6239690495473482	0.9879089367756064	218	0.8302414835111974	18879247457177.68
SRP012682	cervix_uteri	CPM	0.3814958408990439	0.584086180209276	0.5253276709562128	11	0.8542408684699819	5000055391623.473
SRP012682	colon	CPM	-0.052456846225179155	0.5080618791448472	-0.14162917054491964	376	0.8005994571042859	19519544599157.188
SRP012682	fallopian_tube	CPM	2.805383981312103	0.8233543810614314	5.049043787480066	7	0.8610602932806956	23996813030299.906
SRP012682	heart	CPM	1.3714791204122925	0.6310290668581118	2.9130812421802696	489	0.8295588197843352	39369470293725.52
SRP012682	kidney	CPM	0.621983189865066	0.6085779446105768	0.9121558603167935	36	0.7985829147013058	22272752539960.25
SRP012682	liver	CPM	1.1865142768004597	0.6730207641063899	2.3489224834437468	136	0.8611651199044741	43479116110667.48
SRP012682	lung	CPM	0.693552884488138	0.5906115855262719	1.335331955160568	374	0.8357935494798248	43149889822933.25
SRP012682	muscle	CPM	0.9441625456855163	0.632443936095406	1.8018782224491818	475	0.8758770579357273	41509031431766.15
SRP012682	nerve	CPM	0.22874143008223302	0.5376884999706206	0.505725561753343	335	0.8983040598566469	30490143371729.26
SRP012682	ovary	CPM	0.8274566836912475	0.6081604942483487	1.5989725455065078	108	0.8929019389320334	16778882363032.21
SRP012682	pancreas	CPM	0.401360548388101	0.5613742751838977	0.6790997493149106	197	0.9071555030828208	25331676437836.96
SRP012682	prostate	CPM	0.4568285437540022	0.5466289898557939	1.0351818711086096	119	0.8348637170990683	19232108739791.59
SRP012682	skin	CPM	1.1131216594640436	0.6264964563186162	2.265324265936357	972	0.8240569875401347	27032090903840.29
SRP012682	spleen	CPM	1.16920278432464	0.6630829225682291	2.0370783925722398	118	0.9159208419930962	14346446068866.951
SRP012682	testis	CPM	0.7531817740193557	0.6015978328866112	1.3270818439812107	203	0.8975121198521843	28511044450967.555
SRP012682	uterus	CPM	0.712731941504138	0.5958241358280532	1.2638740070413732	90	0.8770981722633059	15946606709973.91
SRP012682	adipose_tissue	CPM_CLR	0.6687121400526765	0.6033587858468188	1.5333825224219002	620	0.8506274146438043	30066501410326.83
SRP012682	blood	CPM_CLR	0.6700203820084136	0.5863758093812628	1.4572080265789873	595	0.8210499606496351	47563257529617
SRP012682	bone_marrow	CPM_CLR	0.19830895785764346	0.5436238988992841	0.17389622525203788	102	0.9928019473064187	42049900457199.79
SRP012682	brain	CPM_CLR	0.5042130042281704	0.594972484625572	0.8399116931272634	1409	0.7523762664025219	46066048954458.94
SRP012682	breast	CPM_CLR	0.6633433802350363	0.6119422889265032	1.0079466900121516	218	0.8302414835111974	18879247457177.68
SRP012682	cervix_uteri	CPM_CLR	0.4332615996839063	0.5867295038722347	0.7145997107357912	11	0.8542408684699819	5000055391623.473
SRP012682	colon	CPM_CLR	-0.06433941819841171	0.5064679555020213	-0.14162917054491964	376	0.8005994571042859	19519544599157.188
SRP012682	fallopian_tube	CPM_CLR	1.5717366401058306	0.7676067449691466	0.2793742311952517	7	0.8610602932806956	23996813030299.906
SRP012682	heart	CPM_CLR	1.5923238921964826	0.6579239200058886	4.497133237954266	489	0.8295588197843352	39369470293725.52
SRP012682	kidney	CPM_CLR	0.757613120230536	0.6188090953455863	1.3303899796164895	36	0.7985829147013058	22272752539960.25
SRP012682	liver	CPM_CLR	1.3283895548288376	0.6806132983193294	2.789321109432087	136	0.8611651199044741	43479116110667.48
SRP012682	lung	CPM_CLR	0.634657732755928	0.5911711571560581	1.3340757991901426	374	0.8357935494798248	43149889822933.25
SRP012682	muscle	CPM_CLR	1.2577357480072762	0.6687019958149634	3.2745994586006604	475	0.8758770579357273	41509031431766.15
SRP012682	nerve	CPM_CLR	0.2513512514302954	0.5384506240507676	0.48686653450202705	335	0.8983040598566469	30490143371729.26
SRP012682	ovary	CPM_CLR	0.6641030797983155	0.5996733776685339	1.1741181878674567	108	0.8929019389320334	16778882363032.21
SRP012682	pancreas	CPM_CLR	1.1718721594652919	0.6112687206871712	2.7945769667348466	197	0.9071555030828208	25331676437836.96
SRP012682	prostate	CPM_CLR	0.5397588642528375	0.5584947124109547	1.1871849645536594	119	0.8348637170990683	19232108739791.59
SRP012682	skin	CPM_CLR	0.9929261427802276	0.6308707842628287	1.7791399196933746	972	0.8240569875401347	27032090903840.29
SRP012682	spleen	CPM_CLR	1.387609570792501	0.6815527603614449	2.4149767813064043	118	0.9159208419930962	14346446068866.951
SRP012682	testis	CPM_CLR	0.6287617035610392	0.5942140922619608	1.179183148868897	203	0.8975121198521843	28511044450967.555
SRP012682	uterus	CPM_CLR	0.6434428673762941	0.5876183536385717	1.092418550930151	90	0.8770981722633059	15946606709973.91
SRP012682	adipose_tissue	CPM_QNT_WTO	1.067233156212796	0.6046839438459948	2.7260276003642963	620	0.8506274146438043	30066501410326.83
SRP012682	blood	CPM_QNT_WTO	0.37872259727551233	0.5578035467491738	0.7464038185996819	595	0.8210499606496351	47563257529617
SRP012682	bone_marrow	CPM_QNT_WTO	-0.0391460662143119	0.5279366400202257	0.02486469833827887	102	0.9928019473064187	42049900457199.79
SRP012682	brain	CPM_QNT_WTO	0.1447100782991131	0.5347489826225953	0.332257934237296	1409	0.7523762664025219	46066048954458.94
SRP012682	breast	CPM_QNT_WTO	0.07352421932446636	0.5296239116894341	0.007946690012151631	218	0.8302414835111974	18879247457177.68
SRP012682	cervix_uteri	CPM_QNT_WTO	0.06380696357073741	0.5408613586510143	-0.13776147482016046	11	0.8542408684699819	5000055391623.473
SRP012682	colon	CPM_QNT_WTO	-0.1290923896640974	0.493119461477324	-0.20302971520906293	376	0.8005994571042859	19519544599157.188
SRP012682	fallopian_tube	CPM_QNT_WTO	2.935010055400691	0.843535145124978	5.31207819331386	7	0.8610602932806956	23996813030299.906
SRP012682	heart	CPM_QNT_WTO	1.204099226459544	0.6251056032493985	2.338143714193109	489	0.8295588197843352	39369470293725.52
SRP012682	kidney	CPM_QNT_WTO	0.41263465296172774	0.5649414485668451	0.7647928037622644	36	0.7985829147013058	22272752539960.25
SRP012682	liver	CPM_QNT_WTO	0.832528925555162	0.6279885617250613	1.30710230774912	136	0.8611651199044741	43479116110667.48
SRP012682	lung	CPM_QNT_WTO	0.35343518210557723	0.5679574811993113	0.5028741351781708	374	0.8357935494798248	43149889822933.25
SRP012682	muscle	CPM_QNT_WTO	1.1234908123521543	0.6344113061345524	2.3385267853902105	475	0.8758770579357273	41509031431766.15
SRP012682	nerve	CPM_QNT_WTO	0.1417465006505628	0.5301138160826859	0.2441483476943847	335	0.8983040598566469	30490143371729.26
SRP012682	ovary	CPM_QNT_WTO	0.2710443077233089	0.5503947888009115	0.4789727693958776	108	0.8929019389320334	16778882363032.21
SRP012682	pancreas	CPM_QNT_WTO	1.2635640866546505	0.6271456533822501	2.3795394674560026	197	0.9071555030828208	25331676437836.96
SRP012682	prostate	CPM_QNT_WTO	0.1451333281659928	0.4996278542052437	0.3202731978156004	119	0.8348637170990683	19232108739791.59
SRP012682	skin	CPM_QNT_WTO	0.921392865552137	0.6107058288349911	1.5136787764650408	972	0.8240569875401347	27032090903840.29
SRP012682	spleen	CPM_QNT_WTO	0.8682705517533675	0.6482917814170577	1.58139890879605	118	0.9159208419930962	14346446068866.951
SRP012682	testis	CPM_QNT_WTO	0.607236071481137	0.5903533747394007	1.1900714650116333	203	0.8975121198521843	28511044450967.555
SRP012682	uterus	CPM_QNT_WTO	0.3032892533184414	0.5318555252454331	0.4610204772187099	90	0.8770981722633059	15946606709973.91
SRP012682	adipose_tissue	CPM_QNT	0.9170953307673249	0.6094843041696727	2.3889926130867254	620	0.8506274146438043	30066501410326.83
SRP012682	blood	CPM_QNT	0.4779061837701195	0.5667603834839205	0.949456119605243	595	0.8210499606496351	47563257529617
SRP012682	bone_marrow	CPM_QNT	-0.011005855811470842	0.530312084798954	-0.11263882541165612	102	0.9928019473064187	42049900457199.79
SRP012682	brain	CPM_QNT	0.3649046971527717	0.5528378702636125	0.7327593403582593	1409	0.7523762664025219	46066048954458.94
SRP012682	breast	CPM_QNT	0.37242829203587124	0.5573381135963693	0.6393505356235044	218	0.8302414835111974	18879247457177.68
SRP012682	cervix_uteri	CPM_QNT	0.2620717443130509	0.5607906827636775	0.33329023882093756	11	0.8542408684699819	5000055391623.473
SRP012682	colon	CPM_QNT	-0.10788530920190122	0.4934510457438641	-0.26192340426263133	376	0.8005994571042859	19519544599157.188
SRP012682	fallopian_tube	CPM_QNT	2.725408973993606	0.8247957186642871	5.1421531918715475	7	0.8610602932806956	23996813030299.906
SRP012682	heart	CPM_QNT	1.6875785901997598	0.658653775061417	4.043960609788651	489	0.8295588197843352	39369470293725.52
SRP012682	kidney	CPM_QNT	0.5538400744814842	0.5706369809906349	1.0181770395623388	36	0.7985829147013058	22272752539960.25
SRP012682	liver	CPM_QNT	1.1563099001922859	0.6487594831869714	2.3828698153670844	136	0.8611651199044741	43479116110667.48
SRP012682	lung	CPM_QNT	0.6916859317689865	0.586557191057409	1.5028741351781707	374	0.8357935494798248	43149889822933.25
SRP012682	muscle	CPM_QNT	1.253772996842429	0.6599752043255087	2.8061912153202644	475	0.8758770579357273	41509031431766.15
SRP012682	nerve	CPM_QNT	0.20047224053524473	0.5315785984189603	0.36816184825431	335	0.8983040598566469	30490143371729.26
SRP012682	ovary	CPM_QNT	0.4974180340277446	0.5667065312165036	0.9790463725305206	108	0.8929019389320334	16778882363032.21
SRP012682	pancreas	CPM_QNT	1.4789344580604549	0.6536070897867141	3.6019318887924507	197	0.9071555030828208	25331676437836.96
SRP012682	prostate	CPM_QNT	0.41280696206374384	0.5438662757608625	0.7721474652748155	119	0.8348637170990683	19232108739791.59
SRP012682	skin	CPM_QNT	1.12798441882078	0.6278387029281518	2.0839945012217957	972	0.8240569875401347	27032090903840.29
SRP012682	spleen	CPM_QNT	1.2080773769399704	0.6739531419148683	2.0370783925722398	118	0.9159208419930962	14346446068866.951
SRP012682	testis	CPM_QNT	0.6887315434285539	0.5962176343969041	1.206251392067068	203	0.8975121198521843	28511044450967.555
SRP012682	uterus	CPM_QNT	0.5938675505812367	0.5737605535625612	1.0858757050633787	90	0.8770981722633059	15946606709973.91
SRP012682	adipose_tissue	CPM_QNT_CLR	0.9958142855151615	0.6138506708724201	2.067064518199363	620	0.8506274146438043	30066501410326.83
SRP012682	blood	CPM_QNT_CLR	0.6172590783415094	0.5746988693849282	1.1679546248372	595	0.8210499606496351	47563257529617
SRP012682	bone_marrow	CPM_QNT_CLR	0.10886608177611262	0.5291704353676181	-0.048496196084410276	102	0.9928019473064187	42049900457199.79
SRP012682	brain	CPM_QNT_CLR	0.4029863510938293	0.5558488661510843	0.7436751178374428	1409	0.7523762664025219	46066048954458.94
SRP012682	breast	CPM_QNT_CLR	0.4903323222658951	0.5597599307436205	0.8604590776895944	218	0.8302414835111974	18879247457177.68
SRP012682	cervix_uteri	CPM_QNT_CLR	0.35854156741864535	0.560454292227405	0.5687954934256843	11	0.8542408684699819	5000055391623.473
SRP012682	colon	CPM_QNT_CLR	-0.11314315537569727	0.4955507040352707	-0.37295471665137536	376	0.8005994571042859	19519544599157.188
SRP012682	fallopian_tube	CPM_QNT_CLR	2.3158306950631493	0.7876170546128591	3.202206370672792	7	0.8610602932806956	23996813030299.906
SRP012682	heart	CPM_QNT_CLR	1.646823385056084	0.6603509996365204	3.534286236371732	489	0.8295588197843352	39369470293725.52
SRP012682	kidney	CPM_QNT_CLR	0.5106837878541951	0.5707968525087779	0.9986808639365417	36	0.7985829147013058	22272752539960.25
SRP012682	liver	CPM_QNT_CLR	1.1358862930142548	0.6484713477526256	2.3943678561965758	136	0.8611651199044741	43479116110667.48
SRP012682	lung	CPM_QNT_CLR	0.6397059902823736	0.5866762351856494	1.187609770571819	374	0.8357935494798248	43149889822933.25
SRP012682	muscle	CPM_QNT_CLR	1.2102261482825716	0.6643382278675567	2.7624698378909462	475	0.8758770579357273	41509031431766.15
SRP012682	nerve	CPM_QNT_CLR	0.2254138669719443	0.5333836905150129	0.4321529952233572	335	0.8983040598566469	30490143371729.26
SRP012682	ovary	CPM_QNT_CLR	0.4628878624234925	0.5639714578698651	0.7801423041164425	108	0.8929019389320334	16778882363032.21
SRP012682	pancreas	CPM_QNT_CLR	1.3820025784749757	0.651509834547003	3.3795394674560026	197	0.9071555030828208	25331676437836.96
SRP012682	prostate	CPM_QNT_CLR	0.3877659608520981	0.5484003491661404	0.7196800453806799	119	0.8348637170990683	19232108739791.59
SRP012682	skin	CPM_QNT_CLR	1.3431308456515294	0.6380337368663334	2.746959513944225	972	0.8240569875401347	27032090903840.29
SRP012682	spleen	CPM_QNT_CLR	1.2825201127517671	0.675815866420681	2.2565474187019214	118	0.9159208419930962	14346446068866.951
SRP012682	testis	CPM_QNT_CLR	0.8263503162890303	0.6058893856046375	1.5580550405827058	203	0.8975121198521843	28511044450967.555
SRP012682	uterus	CPM_QNT_CLR	0.580893219261625	0.5731626790771287	1.0324364461019182	90	0.8770981722633059	15946606709973.91
SRP012682	adipose_tissue	RPKM_WTO	0.18277723038218846	0.5227009349010423	-0.14844151755184476	620	0.8506274146438043	30066501410326.83
SRP012682	blood	RPKM_WTO	-0.04376730860624887	0.513310606348508	-0.12122687996391754	595	0.8210499606496351	47563257529617
SRP012682	bone_marrow	RPKM_WTO	0.010810168006157824	0.5401185205173284	-0.0455246295531193	102	0.9928019473064187	42049900457199.79
SRP012682	brain	RPKM_WTO	0.38748365425546	0.5892408661272484	0.6044417771648984	1409	0.7523762664025219	46066048954458.94
SRP012682	breast	RPKM_WTO	0.2963961472863057	0.5906609667228793	0.3691342153467411	218	0.8302414835111974	18879247457177.68
SRP012682	cervix_uteri	RPKM_WTO	0.23801987759021062	0.5709251215095712	0.2392710472065651	11	0.8542408684699819	5000055391623.473
SRP012682	colon	RPKM_WTO	-0.12189973816329926	0.49513232922927486	-0.3874542863464904	376	0.8005994571042859	19519544599157.188
SRP012682	fallopian_tube	RPKM_WTO	2.4001198314812506	0.8423344559333437	5.390080705315133	7	0.8610602932806956	23996813030299.906
SRP012682	heart	RPKM_WTO	0.1600444324260539	0.5395155937955742	0.39402067835819743	489	0.8295588197843352	39369470293725.52
SRP012682	kidney	RPKM_WTO	0.23477500949055385	0.549056407823489	0.5354735639150628	36	0.7985829147013058	22272752539960.25
SRP012682	liver	RPKM_WTO	0.714290068284964	0.6254234322871817	1.3000128829628004	136	0.8611651199044741	43479116110667.48
SRP012682	lung	RPKM_WTO	0.39131687432347073	0.5754289945221203	0.7503694544394119	374	0.8357935494798248	43149889822933.25
SRP012682	muscle	RPKM_WTO	0.2052954190580627	0.5460081597193636	0.1995336434997892	475	0.8758770579357273	41509031431766.15
SRP012682	nerve	RPKM_WTO	0.15673523784066576	0.5322379548762193	0.3316359722291963	335	0.8983040598566469	30490143371729.26
SRP012682	ovary	RPKM_WTO	0.6165073943571172	0.6018747962925595	0.9468958489268143	108	0.8929019389320334	16778882363032.21
SRP012682	pancreas	RPKM_WTO	-0.2616396253613897	0.43517115355875546	-0.5746568429308724	197	0.9071555030828208	25331676437836.96
SRP012682	prostate	RPKM_WTO	0.12520596797141756	0.49803373716927624	0.3202731978156004	119	0.8348637170990683	19232108739791.59
SRP012682	skin	RPKM_WTO	0.9530670248696691	0.6098626582335278	1.7791399196933746	972	0.8240569875401347	27032090903840.29
SRP012682	spleen	RPKM_WTO	0.5126109943227645	0.6088204187999935	0.7740439867384459	118	0.9159208419930962	14346446068866.951
SRP012682	testis	RPKM_WTO	0.6703469897332286	0.5953083244203903	1.2008782199682162	203	0.8975121198521843	28511044450967.555
SRP012682	uterus	RPKM_WTO	0.3900620163178175	0.5533563875452536	0.8030328181494046	90	0.8770981722633059	15946606709973.91
SRP012682	adipose_tissue	RPKM	0.5618787969173366	0.5753645537212684	0.8780306938093463	620	0.8506274146438043	30066501410326.83
SRP012682	blood	RPKM	0.20508013228324776	0.5565408855575527	0.3285121773936639	595	0.8210499606496351	47563257529617
SRP012682	bone_marrow	RPKM	0.09661356972526526	0.5499250849562785	0.09886527978205553	102	0.9928019473064187	42049900457199.79
SRP012682	brain	RPKM	0.5443232404543757	0.6011195370501881	0.8996929214526805	1409	0.7523762664025219	46066048954458.94
SRP012682	breast	RPKM	0.6776413240164519	0.6259839623128585	1.0277099448335816	218	0.8302414835111974	18879247457177.68
SRP012682	cervix_uteri	RPKM	0.40605770503168215	0.586778852878254	0.5823712623930486	11	0.8542408684699819	5000055391623.473
SRP012682	colon	RPKM	-0.04377578540502386	0.5109167918620905	-0.20302971520906293	376	0.8005994571042859	19519544599157.188
SRP012682	fallopian_tube	RPKM	2.0696515123508124	0.8248362278631696	5.464081286758909	7	0.8610602932806956	23996813030299.906
SRP012682	heart	RPKM	1.3674504465691293	0.6312811977998187	3.2224093002879983	489	0.8295588197843352	39369470293725.52
SRP012682	kidney	RPKM	0.6392413444776657	0.6096086709836186	0.8833968673353697	36	0.7985829147013058	22272752539960.25
SRP012682	liver	RPKM	1.1562149377993671	0.670812835907725	2.3000128829628004	136	0.8611651199044741	43479116110667.48
SRP012682	lung	RPKM	0.7031133617846421	0.5960663746685988	1.335331955160568	374	0.8357935494798248	43149889822933.25
SRP012682	muscle	RPKM	0.9451625304076366	0.6315768886085671	1.7844961442209453	475	0.8758770579357273	41509031431766.15
SRP012682	nerve	RPKM	0.23381209122755653	0.5378445084633867	0.5280357234784314	335	0.8983040598566469	30490143371729.26
SRP012682	ovary	RPKM	0.8284585332766783	0.6083619953568125	1.5577498827799945	108	0.8929019389320334	16778882363032.21
SRP012682	pancreas	RPKM	0.3987022744075665	0.5666644446466194	0.7945769667348465	197	0.9071555030828208	25331676437836.96
SRP012682	prostate	RPKM	0.46545133021101914	0.5483289983686888	1.1347175446595237	119	0.8348637170990683	19232108739791.59
SRP012682	skin	RPKM	1.1764604993029417	0.6274127508084675	2.364102420414531	972	0.8240569875401347	27032090903840.29
SRP012682	spleen	RPKM	1.1548905325596415	0.6604068221723125	1.9756778479080963	118	0.9159208419930962	14346446068866.951
SRP012682	testis	RPKM	0.7895679554134041	0.6041293367234566	1.3599964664539457	203	0.8975121198521843	28511044450967.555
SRP012682	uterus	RPKM	0.7239186964862697	0.5965061439569972	1.257418984904074	90	0.8770981722633059	15946606709973.91
SRP012682	adipose_tissue	RPKM_CLR	0.6839993412392261	0.6003187194361388	1.5333825224219002	620	0.8506274146438043	30066501410326.83
SRP012682	blood	RPKM_CLR	0.7044511923374036	0.5899489956484061	1.5095777657769964	595	0.8210499606496351	47563257529617
SRP012682	bone_marrow	RPKM_CLR	0.1430650457674344	0.5425890260186712	0.2563583854440108	102	0.9928019473064187	42049900457199.79
SRP012682	brain	RPKM_CLR	0.5005234015642139	0.5952670783423208	0.828771135522063	1409	0.7523762664025219	46066048954458.94
SRP012682	breast	RPKM_CLR	0.676602837814509	0.6123913604607303	1.0277099448335816	218	0.8302414835111974	18879247457177.68
SRP012682	cervix_uteri	RPKM_CLR	0.4607779287643346	0.5890613348111131	0.7951243293213027	11	0.8542408684699819	5000055391623.473
SRP012682	colon	RPKM_CLR	-0.06371838573265355	0.5073077206308731	-0.14162917054491964	376	0.8005994571042859	19519544599157.188
SRP012682	fallopian_tube	RPKM_CLR	1.6127093562917625	0.7700839437487588	0.8643367319164078	7	0.8610602932806956	23996813030299.906
SRP012682	heart	RPKM_CLR	1.5934314895814832	0.6569859989471567	4.4845332011746315	489	0.8295588197843352	39369470293725.52
SRP012682	kidney	RPKM_CLR	0.7686962142223335	0.6193192649356121	1.320608958823904	36	0.7985829147013058	22272752539960.25
SRP012682	liver	RPKM_CLR	1.3238436523925896	0.6795499110683423	2.7757745775941394	136	0.8611651199044741	43479116110667.48
SRP012682	lung	RPKM_CLR	0.643324126094433	0.5967046093986177	1.3340757991901426	374	0.8357935494798248	43149889822933.25
SRP012682	muscle	RPKM_CLR	1.288331560868494	0.667852869952565	3.2839072008268886	475	0.8758770579357273	41509031431766.15
SRP012682	nerve	RPKM_CLR	0.25614377634757296	0.5388808803127709	0.46129934088287383	335	0.8983040598566469	30490143371729.26
SRP012682	ovary	RPKM_CLR	0.6798100628214365	0.6000187212835932	1.1741181878674567	108	0.8929019389320334	16778882363032.21
SRP012682	pancreas	RPKM_CLR	1.2588421589587224	0.6196662094037642	2.7945769667348466	197	0.9071555030828208	25331676437836.96
SRP012682	prostate	RPKM_CLR	0.5359443635402341	0.5588484773971274	1.1871849645536594	119	0.8348637170990683	19232108739791.59
SRP012682	skin	RPKM_CLR	1.051773945625048	0.6334783946473017	1.910845598905197	972	0.8240569875401347	27032090903840.29
SRP012682	spleen	RPKM_CLR	1.3968491179327163	0.6798269107228947	2.578475513589284	118	0.9159208419930962	14346446068866.951
SRP012682	testis	RPKM_CLR	0.6762379916804745	0.5972132971559923	1.2380768379224656	203	0.8975121198521843	28511044450967.555
SRP012682	uterus	RPKM_CLR	0.6531166905346786	0.5883283890872946	1.105415891459024	90	0.8770981722633059	15946606709973.91
SRP012682	adipose_tissue	RPKM_QNT_WTO	1.131275829469861	0.5996652600676882	2.8040301123655693	620	0.8506274146438043	30066501410326.83
SRP012682	blood	RPKM_QNT_WTO	0.3498055054761324	0.5635235878782048	0.7568110416628472	595	0.8210499606496351	47563257529617
SRP012682	bone_marrow	RPKM_QNT_WTO	-0.0020340095307877395	0.5413565415413508	-0.3901728009405653	102	0.9928019473064187	42049900457199.79
SRP012682	brain	RPKM_QNT_WTO	0.1864247838325114	0.539133746503822	0.39799089969747226	1409	0.7523762664025219	46066048954458.94
SRP012682	breast	RPKM_QNT_WTO	0.06538563807439335	0.5240212838412504	0.11149154706994377	218	0.8302414835111974	18879247457177.68
SRP012682	cervix_uteri	RPKM_QNT_WTO	0.10132758720134598	0.5464417003988338	-0.04252060486041427	11	0.8542408684699819	5000055391623.473
SRP012682	colon	RPKM_QNT_WTO	-0.10384448953922308	0.49950103452833616	-0.26192340426263133	376	0.8005994571042859	19519544599157.188
SRP012682	fallopian_tube	RPKM_QNT_WTO	2.6018678556812045	0.8273598264115307	5.390080705315133	7	0.8610602932806956	23996813030299.906
SRP012682	heart	RPKM_QNT_WTO	1.1915445441330357	0.6186893679190035	2.137070014180132	489	0.8295588197843352	39369470293725.52
SRP012682	kidney	RPKM_QNT_WTO	0.4071038754958923	0.5579301534694459	0.7257986721464007	36	0.7985829147013058	22272752539960.25
SRP012682	liver	RPKM_QNT_WTO	0.8076025559081522	0.6242068221505939	1.192672418898511	136	0.8611651199044741	43479116110667.48
SRP012682	lung	RPKM_QNT_WTO	0.3461609582019822	0.5687703135231423	0.40333846162725634	374	0.8357935494798248	43149889822933.25
SRP012682	muscle	RPKM_QNT_WTO	1.0838958863417623	0.631754517814521	2.094836264833096	475	0.8758770579357273	41509031431766.15
SRP012682	nerve	RPKM_QNT_WTO	0.1159740525892132	0.5258313160473982	0.21046522143809585	335	0.8983040598566469	30490143371729.26
SRP012682	ovary	RPKM_QNT_WTO	0.2488235738646776	0.54560382142121	0.5577498827799945	108	0.8929019389320334	16778882363032.21
SRP012682	pancreas	RPKM_QNT_WTO	1.1020398297990897	0.6180733430562242	1.7945769667348466	197	0.9071555030828208	25331676437836.96
SRP012682	prostate	RPKM_QNT_WTO	0.17089535843225143	0.49806929546418033	0.6566702478548794	119	0.8348637170990683	19232108739791.59
SRP012682	skin	RPKM_QNT_WTO	0.9152030282027686	0.6095606093626316	1.5027076586440378	972	0.8240569875401347	27032090903840.29
SRP012682	spleen	RPKM_QNT_WTO	0.9744312698058043	0.649751278444672	1.58139890879605	118	0.9159208419930962	14346446068866.951
SRP012682	testis	RPKM_QNT_WTO	0.5177159230905407	0.5761279382858078	1.096528102114582	203	0.8975121198521843	28511044450967.555
SRP012682	uterus	RPKM_QNT_WTO	0.2931845195148353	0.5288109966328456	0.5470096189316764	90	0.8770981722633059	15946606709973.91
SRP012682	adipose_tissue	RPKM_QNT	0.9983637017024326	0.5997781790880659	2.643565440172323	620	0.8506274146438043	30066501410326.83
SRP012682	blood	RPKM_QNT	0.4564143094118529	0.5702056767347976	0.8784480076422151	595	0.8210499606496351	47563257529617
SRP012682	bone_marrow	RPKM_QNT	0.012585493148288926	0.5445579348357299	-0.11263882541165612	102	0.9928019473064187	42049900457199.79
SRP012682	brain	RPKM_QNT	0.3831528450691777	0.5548939738245977	0.7616865258217613	1409	0.7523762664025219	46066048954458.94
SRP012682	breast	RPKM_QNT	0.40431288089158063	0.5552802601524824	0.7449122841783576	218	0.8302414835111974	18879247457177.68
SRP012682	cervix_uteri	RPKM_QNT	0.28485588442766363	0.5612559593250879	0.3779168821610193	11	0.8542408684699819	5000055391623.473
SRP012682	colon	RPKM_QNT	-0.09083716435459617	0.4981530261473921	-0.26192340426263133	376	0.8005994571042859	19519544599157.188
SRP012682	fallopian_tube	RPKM_QNT	1.9719029779342092	0.8136070525280736	5.464081286758909	7	0.8610602932806956	23996813030299.906
SRP012682	heart	RPKM_QNT	1.5747716099246878	0.6491877612052548	3.471822149425078	489	0.8295588197843352	39369470293725.52
SRP012682	kidney	RPKM_QNT	0.5152744889721662	0.5640819546483229	0.9789176091151118	36	0.7985829147013058	22272752539960.25
SRP012682	liver	RPKM_QNT	1.1186881999452032	0.6441116679784571	2.3141570652830703	136	0.8611651199044741	43479116110667.48
SRP012682	lung	RPKM_QNT	0.6617152522018589	0.589475424314017	1.5028741351781707	374	0.8357935494798248	43149889822933.25
SRP012682	muscle	RPKM_QNT	1.2360707068998487	0.656433588333261	2.7446034170974327	475	0.8758770579357273	41509031431766.15
SRP012682	nerve	RPKM_QNT	0.1934624151440389	0.5308139849396305	0.3279320034657775	335	0.8983040598566469	30490143371729.26
SRP012682	ovary	RPKM_QNT	0.5182333342771597	0.5648003588513753	0.9264317463670989	108	0.8929019389320334	16778882363032.21
SRP012682	pancreas	RPKM_QNT	1.2992056099335734	0.648568345969025	3.4950166848759388	197	0.9071555030828208	25331676437836.96
SRP012682	prostate	RPKM_QNT	0.4497970164013218	0.5429452756273143	0.7721474652748155	119	0.8348637170990683	19232108739791.59
SRP012682	skin	RPKM_QNT	1.0879119328812132	0.626455511492928	2.0315270813276602	972	0.8240569875401347	27032090903840.29
SRP012682	spleen	RPKM_QNT	1.2588683555346094	0.6736027166747043	2.0370783925722398	118	0.9159208419930962	14346446068866.951
SRP012682	testis	RPKM_QNT	0.6275919433396667	0.5821298995239879	1.0649349774192651	203	0.8975121198521843	28511044450967.555
SRP012682	uterus	RPKM_QNT	0.5959142859175994	0.5699046261351555	1.0727003163156454	90	0.8770981722633059	15946606709973.91
SRP012682	adipose_tissue	RPKM_QNT_CLR	0.8760120398884043	0.6036166161392273	1.98906200619809	620	0.8506274146438043	30066501410326.83
SRP012682	blood	RPKM_QNT_CLR	0.6463791665015003	0.580300918788268	1.1692537649888237	595	0.8210499606496351	47563257529617
SRP012682	bone_marrow	RPKM_QNT_CLR	0.08894718201344487	0.548379565974642	-0.41106627546911834	102	0.9928019473064187	42049900457199.79
SRP012682	brain	RPKM_QNT_CLR	0.39059927696471197	0.5567253563865329	0.7364071173734035	1409	0.7523762664025219	46066048954458.94
SRP012682	breast	RPKM_QNT_CLR	0.4452601281009312	0.5565873599426148	0.8704431662622166	218	0.8302414835111974	18879247457177.68
SRP012682	cervix_uteri	RPKM_QNT_CLR	0.3450470964099618	0.5575661569220536	0.5004544414783643	11	0.8542408684699819	5000055391623.473
SRP012682	colon	RPKM_QNT_CLR	-0.0893691394382753	0.5005878107840296	-0.07749883312520403	376	0.8005994571042859	19519544599157.188
SRP012682	fallopian_tube	RPKM_QNT_CLR	2.619426344794427	0.7810084875597134	3.408657248140218	7	0.8610602932806956	23996813030299.906
SRP012682	heart	RPKM_QNT_CLR	1.614422440412055	0.6520859008322475	3.4589981090674944	489	0.8295588197843352	39369470293725.52
SRP012682	kidney	RPKM_QNT_CLR	0.5369058004806134	0.56660898756029	0.9986808639365417	36	0.7985829147013058	22272752539960.25
SRP012682	liver	RPKM_QNT_CLR	1.137692624720527	0.6445962081359262	2.3607370783152954	136	0.8611651199044741	43479116110667.48
SRP012682	lung	RPKM_QNT_CLR	0.5487096620453271	0.590164182889545	1.4786265889314933	374	0.8357935494798248	43149889822933.25
SRP012682	muscle	RPKM_QNT_CLR	1.2428682553518828	0.6592652437302284	2.7535642846690545	475	0.8758770579357273	41509031431766.15
SRP012682	nerve	RPKM_QNT_CLR	0.2423452704939342	0.5345313674697287	0.4394949705645253	335	0.8983040598566469	30490143371729.26
SRP012682	ovary	RPKM_QNT_CLR	0.5096437725003969	0.5636511885384508	0.8846115706724719	108	0.8929019389320334	16778882363032.21
SRP012682	pancreas	RPKM_QNT_CLR	1.373978148964815	0.644452149382694	3.254008585372144	197	0.9071555030828208	25331676437836.96
SRP012682	prostate	RPKM_QNT_CLR	0.3797356583373194	0.5475118904102878	0.6566702478548794	119	0.8348637170990683	19232108739791.59
SRP012682	skin	RPKM_QNT_CLR	1.47435028885961	0.6441574874935476	2.8913494232794	972	0.8240569875401347	27032090903840.29
SRP012682	spleen	RPKM_QNT_CLR	1.3402905757861119	0.6742139305140569	2.093048686419042	118	0.9159208419930962	14346446068866.951
SRP012682	testis	RPKM_QNT_CLR	0.7917028943925908	0.5953651505972033	1.5472076583457137	203	0.8975121198521843	28511044450967.555
SRP012682	uterus	RPKM_QNT_CLR	0.5953320832297561	0.5718656444048236	1.105415891459024	90	0.8770981722633059	15946606709973.91
SRP012682	adipose_tissue	TPM_WTO	-0.19564997207600177	0.4717994265977765	-0.5178979825217931	620	0.8506274146438043	30066501410326.83
SRP012682	blood	TPM_WTO	-0.06381331855242381	0.5005159512866904	-0.07036594355306117	595	0.8210499606496351	47563257529617
SRP012682	bone_marrow	TPM_WTO	0.14737695908553186	0.5663364621209936	0.09886527978205553	102	0.9928019473064187	42049900457199.79
SRP012682	brain	TPM_WTO	0.24575712484152576	0.5612243003605215	0.44511829483640897	1409	0.7523762664025219	46066048954458.94
SRP012682	breast	TPM_WTO	0.5543663589347133	0.6274765823819557	0.8704431662622166	218	0.8302414835111974	18879247457177.68
SRP012682	cervix_uteri	TPM_WTO	0.47348778665767954	0.6163332687380887	0.4670682729838175	11	0.8542408684699819	5000055391623.473
SRP012682	colon	TPM_WTO	0.20759041556522728	0.54921544663756094	-0.12902913376528616	376	0.8005994571042859	19519544599157.188
SRP012682	fallopian_tube	TPM_WTO	2.5771324513280183	0.8426547288464548	5.31207819331386	7	0.8610602932806956	23996813030299.906
SRP012682	heart	TPM_WTO	-0.27138407194828285	0.44156323262422426	-0.6639199728382037	489	0.8295588197843352	39369470293725.52
SRP012682	kidney	TPM_WTO	0.12849972049764524	0.5284772160896871	0.27460186358524474	36	0.7985829147013058	22272752539960.25
SRP012682	liver	TPM_WTO	0.5240426746639756	0.5939175023250769	1.0269943885563846	136	0.8611651199044741	43479116110667.48
SRP012682	lung	TPM_WTO	0.4072758245758596	0.5933663491457821	0.773828427263401	374	0.8357935494798248	43149889822933.25
SRP012682	muscle	TPM_WTO	0.06327518748690915	0.4874898629936517	0.20389883606119097	475	0.8758770579357273	41509031431766.15
SRP012682	nerve	TPM_WTO	0.16283921385338992	0.5362852539015464	0.2588698534011502	335	0.8983040598566469	30490143371729.26
SRP012682	ovary	TPM_WTO	0.7612382942680626	0.6170787626686334	1.1527445370748899	108	0.8929019389320334	16778882363032.21
SRP012682	pancreas	TPM_WTO	-0.25393155277187573	0.4336695288969814	-0.264316722318722	197	0.9071555030828208	25331676437836.96
SRP012682	prostate	TPM_WTO	0.5916784283410385	0.5949747395973191	0.9282666671920973	119	0.8348637170990683	19232108739791.59
SRP012682	skin	TPM_WTO	1.0310708331442526	0.6401317457153155	1.7684926754938664	972	0.8240569875401347	27032090903840.29
SRP012682	spleen	TPM_WTO	-0.4982243300633737	0.38633529817416346	-0.9999723036476045	118	0.9159208419930962	14346446068866.951
SRP012682	testis	TPM_WTO	0.6775365224905404	0.6022294233586258	1.222251870760783	203	0.8975121198521843	28511044450967.555
SRP012682	uterus	TPM_WTO	0.34601231819315076	0.5483795674808754	0.7204202346350953	90	0.8770981722633059	15946606709973.91
SRP012682	adipose_tissue	TPM	0.4027022647898179	0.5787707959377038	0.4040995054769337	620	0.8506274146438043	30066501410326.83
SRP012682	blood	TPM	0.23325737141608757	0.5600493048680484	0.39119222270200443	595	0.8210499606496351	47563257529617
SRP012682	bone_marrow	TPM	0.11836113486595926	0.5676779264342926	-0.19752772299816926	102	0.9928019473064187	42049900457199.79
SRP012682	brain	TPM	0.4825677017447867	0.5929321091219251	0.7670463897237714	1409	0.7523762664025219	46066048954458.94
SRP012682	breast	TPM	0.9311047789091553	0.6739834333308394	1.2997128143892616	218	0.8302414835111974	18879247457177.68
SRP012682	cervix_uteri	TPM	0.5646498235148901	0.6200018700362762	0.7164712956357908	11	0.8542408684699819	5000055391623.473
SRP012682	colon	TPM	0.2746675906756959	0.5609729334444786	0.349511307819716	376	0.8005994571042859	19519544599157.188
SRP012682	fallopian_tube	TPM	2.7448869386604344	0.8261176368058791	5.1421531918715475	7	0.8610602932806956	23996813030299.906
SRP012682	heart	TPM	1.1471789306453466	0.6268047331600677	2.324979033928546	489	0.8295588197843352	39369470293725.52
SRP012682	kidney	TPM	0.5811885539482189	0.6067449426168707	0.8441374368881426	36	0.7985829147013058	22272752539960.25
SRP012682	liver	TPM	1.0471211470863944	0.6750933857535166	1.7150503822416443	136	0.8611651199044741	43479116110667.48
SRP012682	lung	TPM	0.7589704549918226	0.6164582352454211	1.211949539655286	374	0.8357935494798248	43149889822933.25
SRP012682	muscle	TPM	0.8810150305060238	0.6231899530655234	1.4765522787692842	475	0.8758770579357273	41509031431766.15
SRP012682	nerve	TPM	0.2450015142769366	0.5480584542811329	0.516923768358207	335	0.8983040598566469	30490143371729.26
SRP012682	ovary	TPM	0.9300049872890321	0.616309928879808	1.5989725455065078	108	0.8929019389320334	16778882363032.21
SRP012682	pancreas	TPM	0.3744801215260736	0.5633105874718147	0.6790997493149106	197	0.9071555030828208	25331676437836.96
SRP012682	prostate	TPM	0.8245861254221781	0.6138895001347429	1.0858079441785775	119	0.8348637170990683	19232108739791.59
SRP012682	skin	TPM	1.2422240136856246	0.6565074816148702	2.3100625807016417	972	0.8240569875401347	27032090903840.29
SRP012682	spleen	TPM	0.3622917319024768	0.5912237474798019	0.5971662246543665	118	0.9159208419930962	14346446068866.951
SRP012682	testis	TPM	0.8125372877892317	0.618509703076807	1.3761763935093803	203	0.8975121198521843	28511044450967.555
SRP012682	uterus	TPM	0.6214187923157809	0.5885624466492452	1.0527088411281795	90	0.8770981722633059	15946606709973.91
SRP012682	adipose_tissue	TPM_CLR	0.7725692498970806	0.6084690534395065	1.0670645181993632	620	0.8506274146438043	30066501410326.83
SRP012682	blood	TPM_CLR	0.6881217217715425	0.5957350193934658	1.481615103740962	595	0.8210499606496351	47563257529617
SRP012682	bone_marrow	TPM_CLR	0.15169266833429135	0.5604411269308365	0.09589371325076473	102	0.9928019473064187	42049900457199.79
SRP012682	brain	TPM_CLR	0.5448840608276294	0.5988499188025358	0.8764375691523776	1409	0.7523762664025219	46066048954458.94
SRP012682	breast	TPM_CLR	0.8991767336185538	0.6580314920685062	1.5520641384559253	218	0.8302414835111974	18879247457177.68
SRP012682	cervix_uteri	TPM_CLR	0.49419822500237487	0.6123990939486248	0.7069053189457906	11	0.8542408684699819	5000055391623.473
SRP012682	colon	TPM_CLR	0.06036139029940639	0.5401474467023704	-0.07749883312520403	376	0.8005994571042859	19519544599157.188
SRP012682	fallopian_tube	TPM_CLR	1.6299628075027666	0.7700900039473026	1.449299232637564	7	0.8610602932806956	23996813030299.906
SRP012682	heart	TPM_CLR	1.622756939867792	0.6570611637107717	4.4845332011746315	489	0.8295588197843352	39369470293725.52
SRP012682	kidney	TPM_CLR	0.8030702586814447	0.628368323569422	1.3877231546824411	36	0.7985829147013058	22272752539960.25
SRP012682	liver	TPM_CLR	1.4329963349807602	0.69462618019421285	2.7689533117381253	136	0.8611651199044741	43479116110667.48
SRP012682	lung	TPM_CLR	0.7165437241910572	0.6101271458677004	1.0356066771267693	374	0.8357935494798248	43149889822933.25
SRP012682	muscle	TPM_CLR	1.251985476243766	0.6683680462182906	2.8528021576118543	475	0.8758770579357273	41509031431766.15
SRP012682	nerve	TPM_CLR	0.29481331542302813	0.5480276339567212	0.4982115080960363	335	0.8983040598566469	30490143371729.26
SRP012682	ovary	TPM_CLR	0.7397633878599393	0.605082417703283	1.3226695385172023	108	0.8929019389320334	16778882363032.21
SRP012682	pancreas	TPM_CLR	1.1959304511736253	0.6157158914907761	2.669046084650988	197	0.9071555030828208	25331676437836.96
SRP012682	prostate	TPM_CLR	0.7567825063954142	0.6132742708663059	1.4077360390659397	119	0.8348637170990683	19232108739791.59
SRP012682	skin	TPM_CLR	1.5085712988749533	0.6684956673948328	2.8312284308418287	972	0.8240569875401347	27032090903840.29
SRP012682	spleen	TPM_CLR	1.2024463903985472	0.662872838242972	2.356083092252836	118	0.9159208419930962	14346446068866.951
SRP012682	testis	TPM_CLR	0.6955180556561837	0.6081548345343357	1.2275461704302961	203	0.8975121198521843	28511044450967.555
SRP012682	uterus	TPM_CLR	0.5840719192820827	0.5804024379706689	0.9980029490380444	90	0.8770981722633059	15946606709973.91
SRP012682	adipose_tissue	TPM_QNT_WTO	1.051410269676998	0.601000888568187	2.7260276003642963	620	0.8506274146438043	30066501410326.83
SRP012682	blood	TPM_QNT_WTO	0.3778197578020956	0.5648638798756203	0.8064981657632001	595	0.8210499606496351	47563257529617
SRP012682	bone_marrow	TPM_QNT_WTO	-7.713980344245761e-4	0.5417696187694077	-0.23816970749551522	102	0.9928019473064187	42049900457199.79
SRP012682	brain	TPM_QNT_WTO	0.1792740808522888	0.5387705675530903	0.39060192046810066	1409	0.7523762664025219	46066048954458.94
SRP012682	breast	TPM_QNT_WTO	0.0567178129271901	0.5242875741808533	0.09186274032101105	218	0.8302414835111974	18879247457177.68
SRP012682	cervix_uteri	TPM_QNT_WTO	0.09574182008945249	0.545975819405097	-0.06579038418326161	11	0.8542408684699819	5000055391623.473
SRP012682	colon	TPM_QNT_WTO	-0.10680820148778851	0.4986612822864238	-0.26192340426263133	376	0.8005994571042859	19519544599157.188
SRP012682	fallopian_tube	TPM_QNT_WTO	2.763297213260181	0.8263575467836262	5.31207819331386	7	0.8610602932806956	23996813030299.906
SRP012682	heart	TPM_QNT_WTO	1.186755019375442	0.6193516194556565	2.2663530311250986	489	0.8295588197843352	39369470293725.52
SRP012682	kidney	TPM_QNT_WTO	0.3841475795048798	0.5575138047829569	0.7158832032813179	36	0.7985829147013058	22272752539960.25
SRP012682	liver	TPM_QNT_WTO	0.8166234297221225	0.6240283106126796	1.2129448139247723	136	0.8611651199044741	43479116110667.48
SRP012682	lung	TPM_QNT_WTO	0.32151641292659294	0.5662001200037992	0.35442886114630984	374	0.8357935494798248	43149889822933.25
SRP012682	muscle	TPM_QNT_WTO	1.0762523182612769	0.6305527674610012	2.094836264833096	475	0.8758770579357273	41509031431766.15
SRP012682	nerve	TPM_QNT_WTO	0.11902241193598831	0.5269536520213514	0.22553266952703746	335	0.8983040598566469	30490143371729.26
SRP012682	ovary	TPM_QNT_WTO	0.250027238390492	0.546209913439121	0.578508442946792	108	0.8929019389320334	16778882363032.21
SRP012682	pancreas	TPM_QNT_WTO	1.0490389769242714	0.6185783009869503	2.0576113725686405	197	0.9071555030828208	25331676437836.96
SRP012682	prostate	TPM_QNT_WTO	0.16624301561038798	0.49792763765076486	0.5008454434574211	119	0.8348637170990683	19232108739791.59
SRP012682	skin	TPM_QNT_WTO	0.9269169338276848	0.6096520584641105	1.5136787764650408	972	0.8240569875401347	27032090903840.29
SRP012682	spleen	TPM_QNT_WTO	0.9899778423434434	0.6523404724838215	1.7126434420743026	118	0.9159208419930962	14346446068866.951
SRP012682	testis	TPM_QNT_WTO	0.5179251723816445	0.5763036577626082	1.0808180190259205	203	0.8975121198521843	28511044450967.555
SRP012682	uterus	TPM_QNT_WTO	0.29205881325653027	0.5292538076026077	0.5605561507696245	90	0.8770981722633059	15946606709973.91
SRP012682	adipose_tissue	TPM_QNT	1.0543934178979044	0.6025504165464035	2.643565440172323	620	0.8506274146438043	30066501410326.83
SRP012682	blood	TPM_QNT	0.47089736606401383	0.5714544487946753	0.9426348537492291	595	0.8210499606496351	47563257529617
SRP012682	bone_marrow	TPM_QNT	0.020800011317928496	0.5453832756098791	-0.11263882541165612	102	0.9928019473064187	42049900457199.79
SRP012682	brain	TPM_QNT	0.38730950542963044	0.5551066036793522	0.7652619800455885	1409	0.7523762664025219	46066048954458.94
SRP012682	breast	TPM_QNT	0.4052699142284269	0.5554501082468555	0.7147503136681053	218	0.8302414835111974	18879247457177.68
SRP012682	cervix_uteri	TPM_QNT	0.27712430693192325	0.560920144279919	0.3620192552808108	11	0.8542408684699819	5000055391623.473
SRP012682	colon	TPM_QNT	-0.09581566504714695	0.4968090786613324	-0.26192340426263133	376	0.8005994571042859	19519544599157.188
SRP012682	fallopian_tube	TPM_QNT	2.5951050634669635	0.8120239983051292	5.1421531918715475	7	0.8610602932806956	23996813030299.906
SRP012682	heart	TPM_QNT	1.5891357637291477	0.6506738699739287	3.5096241821374625	489	0.8295588197843352	39369470293725.52
SRP012682	kidney	TPM_QNT	0.4983212816052945	0.5636391805682486	0.9888330779801945	36	0.7985829147013058	22272752539960.25
SRP012682	liver	TPM_QNT	1.1276481023801137	0.6449595997745732	2.321177492960843	136	0.8611651199044741	43479116110667.48
SRP012682	lung	TPM_QNT	0.6481133840503922	0.5876191774021251	1.3575347720141318	374	0.8357935494798248	43149889822933.25
SRP012682	muscle	TPM_QNT	1.2391921696450536	0.6572213692093385	2.7490908080897465	475	0.8758770579357273	41509031431766.15
SRP012682	nerve	TPM_QNT	0.20117425881174694	0.5317368538214744	0.3717640849345056	335	0.8983040598566469	30490143371729.26
SRP012682	ovary	TPM_QNT	0.5152916813784105	0.5652769188257878	1.0007414436298394	108	0.8929019389320334	16778882363032.21
SRP012682	pancreas	TPM_QNT	1.2903271848458664	0.6487378270986603	3.4950166848759388	197	0.9071555030828208	25331676437836.96
SRP012682	prostate	TPM_QNT	0.44795768316664836	0.543582844808423	0.7721474652748155	119	0.8348637170990683	19232108739791.59
SRP012682	skin	TPM_QNT	1.14608877129524	0.6295729245296613	2.0421743255271685	972	0.8240569875401347	27032090903840.29
SRP012682	spleen	TPM_QNT	1.270290805236658	0.6759329752662886	2.0370783925722398	118	0.9159208419930962	14346446068866.951
SRP012682	testis	TPM_QNT	0.6316016414513361	0.5824898580081133	1.1682120310478938	203	0.8975121198521843	28511044450967.555
SRP012682	uterus	TPM_QNT	0.5863638815766443	0.5699790127117197	1.0727003163156454	90	0.8770981722633059	15946606709973.91
SRP012682	adipose_tissue	TPM_QNT_CLR	0.8159268328854632	0.6056969430385166	1.98906200619809	620	0.8506274146438043	30066501410326.83
SRP012682	blood	TPM_QNT_CLR	0.6461860074328439	0.5808641260031386	1.1757319754289193	595	0.8210499606496351	47563257529617
SRP012682	bone_marrow	TPM_QNT_CLR	0.10252179151423356	0.5487920758158538	-0.41106627546911834	102	0.9928019473064187	42049900457199.79
SRP012682	brain	TPM_QNT_CLR	0.40021159399530215	0.557121093000319	0.7382275529977723	1409	0.7523762664025219	46066048954458.94
SRP012682	breast	TPM_QNT_CLR	0.4290045442902618	0.5567376477782702	0.8704431662622166	218	0.8302414835111974	18879247457177.68
SRP012682	cervix_uteri	TPM_QNT_CLR	0.3362032043530981	0.5570299053892462	0.4888353582115308	11	0.8542408684699819	5000055391623.473
SRP012682	colon	TPM_QNT_CLR	-0.09299588078275695	0.5002518825618694	-0.07749883312520403	376	0.8005994571042859	19519544599157.188
SRP012682	fallopian_tube	TPM_QNT_CLR	2.5221908406024163	0.7787386502911033	3.2566541546951684	7	0.8610602932806956	23996813030299.906
SRP012682	heart	TPM_QNT_CLR	1.6200165442399481	0.6533827865643502	3.471822149425078	489	0.8295588197843352	39369470293725.52
SRP012682	kidney	TPM_QNT_CLR	0.5363796668327335	0.566192095109578	0.9588798558785666	36	0.7985829147013058	22272752539960.25
SRP012682	liver	TPM_QNT_CLR	1.1449438897566504	0.6453691262148986	2.353915812459282	136	0.8611651199044741	43479116110667.48
SRP012682	lung	TPM_QNT_CLR	0.5912785423103238	0.5886655586528242	1.2106933836848606	374	0.8357935494798248	43149889822933.25
SRP012682	muscle	TPM_QNT_CLR	1.239940748616632	0.6592833641818459	2.735586543739999	475	0.8758770579357273	41509031431766.15
SRP012682	nerve	TPM_QNT_CLR	0.244201211165112	0.5351118773819508	0.4540677716517979	335	0.8983040598566469	30490143371729.26
SRP012682	ovary	TPM_QNT_CLR	0.5160866539094077	0.563940010202252	0.8632379198799047	108	0.8929019389320334	16778882363032.21
SRP012682	pancreas	TPM_QNT_CLR	1.2946649832861945	0.643446452657745	2.7945769667348466	197	0.9071555030828208	25331676437836.96
SRP012682	prostate	TPM_QNT_CLR	0.3798153018794407	0.5477244664994529	0.604202827960744	119	0.8348637170990683	19232108739791.59
SRP012682	skin	TPM_QNT_CLR	1.4927901963873307	0.6437008744192454	3.1955028164387858	972	0.8240569875401347	27032090903840.29
SRP012682	spleen	TPM_QNT_CLR	1.3428056482080084	0.67611269028313	2.093048686419042	118	0.9159208419930962	14346446068866.951
SRP012682	testis	TPM_QNT_CLR	0.7922812478184866	0.5951412439815229	1.5634482993529244	203	0.8975121198521843	28511044450967.555
SRP012682	uterus	TPM_QNT_CLR	0.5942014568194345	0.5722211941188071	1.092418550930151	90	0.8770981722633059	15946606709973.91
SRP012682	adipose_tissue	TMM_WTO	1.143104411885148	0.6358663707779257	2.3889926130867254	620	0.8506274146438043	30066501410326.83
SRP012682	blood	TMM_WTO	0.46728531449303146	0.578404627307858	0.9258151362136521	595	0.8210499606496351	47563257529617
SRP012682	bone_marrow	TMM_WTO	0.02220792946786949	0.531654337011684	0.02486469833827887	102	0.9928019473064187	42049900457199.79
SRP012682	brain	TMM_WTO	0.2080974155221806	0.5442161376830796	0.4575477443779271	1409	0.7523762664025219	46066048954458.94
SRP012682	breast	TMM_WTO	0.07946311118417154	0.5443030908555464	-0.022215280498100707	218	0.8302414835111974	18879247457177.68
SRP012682	cervix_uteri	TMM_WTO	0.13021067307458797	0.558537498143977	-0.031024966022585004	11	0.8542408684699819	5000055391623.473
SRP012682	colon	TMM_WTO	-0.15782667174094656	0.4820339994363252	-0.32856059729292186	376	0.8005994571042859	19519544599157.188
SRP012682	fallopian_tube	TMM_WTO	2.519583883737035	0.8601968717461048	5.534470614650307	7	0.8610602932806956	23996813030299.906
SRP012682	heart	TMM_WTO	1.2727563310065424	0.6402919077034497	2.4074411941205187	489	0.8295588197843352	39369470293725.52
SRP012682	kidney	TMM_WTO	0.4142148715710683	0.5592623631746783	0.7866249782329345	36	0.7985829147013058	22272752539960.25
SRP012682	liver	TMM_WTO	0.9496771112343557	0.6451054563372338	1.5138225709032385	136	0.8611651199044741	43479116110667.48
SRP012682	lung	TMM_WTO	0.32822224559461055	0.5637957811100058	0.3818745410975982	374	0.8357935494798248	43149889822933.25
SRP012682	muscle	TMM_WTO	1.267917649515629	0.6674776534026989	2.3781758620432107	475	0.8758770579357273	41509031431766.15
SRP012682	nerve	TMM_WTO	0.16182318121114186	0.5382309168490238	0.2770629701671197	335	0.8983040598566469	30490143371729.26
SRP012682	ovary	TMM_WTO	0.10620420594255993	0.5256041308391843	0.2159383635620837	108	0.8929019389320334	16778882363032.21
SRP012682	pancreas	TMM_WTO	1.148279816204881	0.6347119267604349	2.0576113725686405	197	0.9071555030828208	25331676437836.96
SRP012682	prostate	TMM_WTO	0.262339874116691	0.5261211797816507	0.5008454434574211	119	0.8348637170990683	19232108739791.59
SRP012682	skin	TMM_WTO	0.9529153042346459	0.6217146272197738	1.5461002541574183	972	0.8240569875401347	27032090903840.29
SRP012682	spleen	TMM_WTO	1.0603607049053771	0.6719810845170642	1.8329376757920144	118	0.9159208419930962	14346446068866.951
SRP012682	testis	TMM_WTO	0.5982643446932772	0.5808925888957148	1.0649349774192651	203	0.8975121198521843	28511044450967.555
SRP012682	uterus	TMM_WTO	0.288174314082241	0.5319314577167091	0.38133158858955	90	0.8770981722633059	15946606709973.91
SRP012682	adipose_tissue	TMM	0.9726230904886304	0.636353082302513	2.211454427534538	620	0.8506274146438043	30066501410326.83
SRP012682	blood	TMM	0.578928655023461	0.5890534098033307	1.0653032062452534	595	0.8210499606496351	47563257529617
SRP012682	bone_marrow	TMM	0.041142775917105336	0.5373329998488074	-0.05313781366299438	102	0.9928019473064187	42049900457199.79
SRP012682	brain	TMM	0.440899775158046	0.5650352723494692	0.8528012048851391	1409	0.7523762664025219	46066048954458.94
SRP012682	breast	TMM	0.40934088153104564	0.5748381717051849	0.5992730962481694	218	0.8302414835111974	18879247457177.68
SRP012682	cervix_uteri	TMM	0.3779926238801767	0.5844160089536601	0.5176943460537853	11	0.8542408684699819	5000055391623.473
SRP012682	colon	TMM	-0.13451142515228962	0.4815258482202829	-0.14162917054491964	376	0.8005994571042859	19519544599157.188
SRP012682	fallopian_tube	TMM	2.7266280160058347	0.8396737063602941	5.229616033121887	7	0.8610602932806956	23996813030299.906
SRP012682	heart	TMM	1.7338626089680615	0.6667842662536749	3.629833615456967	489	0.8295588197843352	39369470293725.52
SRP012682	kidney	TMM	0.5677141049132014	0.5678323501832274	1.0401366099482219	36	0.7985829147013058	22272752539960.25
SRP012682	liver	TMM	1.2707758722209392	0.6607638581212001	2.664424309171676	136	0.8611651199044741	43479116110667.48
SRP012682	lung	TMM	0.6795053154056894	0.5827540766561548	1.358790927984557	374	0.8357935494798248	43149889822933.25
SRP012682	muscle	TMM	1.399528047996602	0.6842770797336044	3.334053308810903	475	0.8758770579357273	41509031431766.15
SRP012682	nerve	TMM	0.2320480080794609	0.5394197548332293	0.48306496434217094	335	0.8983040598566469	30490143371729.26
SRP012682	ovary	TMM	0.45515200565940056	0.556263786028147	0.9056731862003012	108	0.8929019389320334	16778882363032.21
SRP012682	pancreas	TMM	1.658575989742564	0.6649432100968475	3.4950166848759388	197	0.9071555030828208	25331676437836.96
SRP012682	prostate	TMM	0.6281512285791121	0.5692978383508382	1.2378110376236273	119	0.8348637170990683	19232108739791.59
SRP012682	skin	TMM	1.1469682915546178	0.6419962815357181	2.0839945012217957	972	0.8240569875401347	27032090903840.29
SRP012682	spleen	TMM	1.42724110428444	0.694747685482735	2.233475605375743	118	0.9159208419930962	14346446068866.951
SRP012682	testis	TMM	0.6470838605554424	0.587843059207934	1.2008782199682162	203	0.8975121198521843	28511044450967.555
SRP012682	uterus	TMM	0.5834368689949833	0.5732080012992817	1.0989318578888252	90	0.8770981722633059	15946606709973.91
SRP012682	adipose_tissue	TMM_CLR	1.0567264956121891	0.6413617683280073	1.8040301123655693	620	0.8506274146438043	30066501410326.83
SRP012682	blood	TMM_CLR	0.7008936233121685	0.5983388765510469	1.2795273878012199	595	0.8210499606496351	47563257529617
SRP012682	bone_marrow	TMM_CLR	0.1271354114017602	0.5273165450182447	0.2563583854440108	102	0.9928019473064187	42049900457199.79
SRP012682	brain	TMM_CLR	0.4534595222418921	0.566365356753959	0.8343521677853628	1409	0.7523762664025219	46066048954458.94
SRP012682	breast	TMM_CLR	0.5269845224494142	0.5787607255598317	0.9777847195018993	218	0.8302414835111974	18879247457177.68
SRP012682	cervix_uteri	TMM_CLR	0.5968462074945109	0.5923445278204653	0.7832827166767862	11	0.8542408684699819	5000055391623.473
SRP012682	colon	TMM_CLR	-0.07790654722124646	0.49126684504118856	-0.010384637266667118	376	0.8005994571042859	19519544599157.188
SRP012682	fallopian_tube	TMM_CLR	2.247220649813888	0.795264288403164	2.8236947474190615	7	0.8610602932806956	23996813030299.906
SRP012682	heart	TMM_CLR	1.6604638513728278	0.6685027971241091	3.617427471671977	489	0.8295588197843352	39369470293725.52
SRP012682	kidney	TMM_CLR	0.57548959340032	0.571304775374152	1.1506839573815917	36	0.7985829147013058	22272752539960.25
SRP012682	liver	TMM_CLR	1.2701935800313504	0.6627872808931379	2.802741625194409	136	0.8611651199044741	43479116110667.48
SRP012682	lung	TMM_CLR	0.6258089484622555	0.5848537222955876	1.5267208771325385	374	0.8357935494798248	43149889822933.25
SRP012682	muscle	TMM_CLR	1.403892926046451	0.688670703905256	2.889849144367174	475	0.8758770579357273	41509031431766.15
SRP012682	nerve	TMM_CLR	0.2754698124161789	0.5423415941512602	0.5243412399206897	335	0.8983040598566469	30490143371729.26
SRP012682	ovary	TMM_CLR	0.5009951211821535	0.5630482254860922	0.9056731862003012	108	0.8929019389320334	16778882363032.21
SRP012682	pancreas	TMM_CLR	1.5316991809482008	0.6614174405888456	3.3795394674560026	197	0.9071555030828208	25331676437836.96
SRP012682	prostate	TMM_CLR	0.6220380891813858	0.5730809346175469	1.1871849645536594	119	0.8348637170990683	19232108739791.59
SRP012682	skin	TMM_CLR	1.1579036898618478	0.6479552142472826	2.0527435672373557	972	0.8240569875401347	27032090903840.29
SRP012682	spleen	TMM_CLR	1.479091449515852	0.6947121268172687	2.6455897094478207	118	0.9159208419930962	14346446068866.951
SRP012682	testis	TMM_CLR	0.7307180725767195	0.5890940013008148	1.3270818439812107	203	0.8975121198521843	28511044450967.555
SRP012682	uterus	TMM_CLR	0.6225837640841955	0.5766543859140398	1.1182971827557564	90	0.8770981722633059	15946606709973.91
SRP012682	adipose_tissue	UQ_WTO	1.0738407695272492	0.6296313560114086	2.3889926130867254	620	0.8506274146438043	30066501410326.83
SRP012682	blood	UQ_WTO	0.6554340497713231	0.5913360325150379	1.262893389848223	595	0.8210499606496351	47563257529617
SRP012682	bone_marrow	UQ_WTO	-0.08152952179433459	0.51389816260318	-0.12713839510677122	102	0.9928019473064187	42049900457199.79
SRP012682	brain	UQ_WTO	0.17098992051996237	0.5380679807769546	0.36089798228119707	1409	0.7523762664025219	46066048954458.94
SRP012682	breast	UQ_WTO	0.0656934327532027	0.5437947763147051	-0.042679383057816433	218	0.8302414835111974	18879247457177.68
SRP012682	cervix_uteri	UQ_WTO	0.1285863154143695	0.5579524017603532	-0.03430009805544577	11	0.8542408684699819	5000055391623.473
SRP012682	colon	UQ_WTO	-0.12331003431904271	0.4931192981435366	-0.31850693262899876	376	0.8005994571042859	19519544599157.188
SRP012682	fallopian_tube	UQ_WTO	2.8099557015278975	0.8551085359028114	5.390080705315133	7	0.8610602932806956	23996813030299.906
SRP012682	heart	UQ_WTO	1.2916210791426164	0.6398275622778051	2.4074411941205187	489	0.8295588197843352	39369470293725.52
SRP012682	kidney	UQ_WTO	0.46940986897291287	0.5722805570708651	0.9310148875681095	36	0.7985829147013058	22272752539960.25
SRP012682	liver	UQ_WTO	0.9333041766910243	0.6439242951265527	1.389564467941093	136	0.8611651199044741	43479116110667.48
SRP012682	lung	UQ_WTO	0.4608342048322428	0.5728572724879015	0.6110454950651082	374	0.8357935494798248	43149889822933.25
SRP012682	muscle	UQ_WTO	1.2583575005930807	0.6608690549043352	2.3825147977675476	475	0.8758770579357273	41509031431766.15
SRP012682	nerve	UQ_WTO	0.16183390478490045	0.5365792507969687	0.25152787805998206	335	0.8983040598566469	30490143371729.26
SRP012682	ovary	UQ_WTO	0.24745071889251305	0.5456773468956229	0.36510480483759866	108	0.8929019389320334	16778882363032.21
SRP012682	pancreas	UQ_WTO	1.1867712159234514	0.6311845830998415	2.0576113725686405	197	0.9071555030828208	25331676437836.96
SRP012682	prostate	UQ_WTO	0.21472449822743522	0.5179747179025291	0.40773603906593975	119	0.8348637170990683	19232108739791.59
SRP012682	skin	UQ_WTO	0.957639934523209	0.6232322740011007	1.5567474983569267	972	0.8240569875401347	27032090903840.29
SRP012682	spleen	UQ_WTO	1.0285378902058742	0.6626166379456571	1.9115475104883808	118	0.9159208419930962	14346446068866.951
SRP012682	testis	UQ_WTO	0.6057812445473691	0.5824843022111956	1.0596015331162247	203	0.8975121198521843	28511044450967.555
SRP012682	uterus	UQ_WTO	0.28858839795580654	0.529447607344288	0.48110472326204234	90	0.8770981722633059	15946606709973.91
SRP012682	adipose_tissue	UQ	0.9615086816882313	0.6331540913222007	2.211454427534538	620	0.8506274146438043	30066501410326.83
SRP012682	blood	UQ	0.7425861152303566	0.6018317525410666	1.3544606294312989	595	0.8210499606496351	47563257529617
SRP012682	bone_marrow	UQ	-0.06979822926098724	0.5086355119851262	-0.11263882541165612	102	0.9928019473064187	42049900457199.79
SRP012682	brain	UQ	0.4002585261990462	0.558344704756653	0.7723864144789702	1409	0.7523762664025219	46066048954458.94
SRP012682	breast	UQ	0.4154535145109792	0.5772360958371046	0.6783446672393683	218	0.8302414835111974	18879247457177.68
SRP012682	cervix_uteri	UQ	0.3665201824621719	0.5815200237495617	0.47102628655250073	11	0.8542408684699819	5000055391623.473
SRP012682	colon	UQ	-0.11038367172708653	0.49160414535926833	0.10509258015326887	376	0.8005994571042859	19519544599157.188
SRP012682	fallopian_tube	UQ	2.628127082590001	0.8340666634192395	5.31207819331386	7	0.8610602932806956	23996813030299.906
SRP012682	heart	UQ	1.7400517007439096	0.6673621328917108	3.629833615456967	489	0.8295588197843352	39369470293725.52
SRP012682	kidney	UQ	0.626498100496079	0.5773312107976238	1.14355952294821	36	0.7985829147013058	22272752539960.25
SRP012682	liver	UQ	1.2740793984283634	0.6603359262994211	2.4290928321277305	136	0.8611651199044741	43479116110667.48
SRP012682	lung	UQ	0.6782030796674483	0.5930257708088504	1.1888659265422448	374	0.8357935494798248	43149889822933.25
SRP012682	muscle	UQ	1.374124354338773	0.6783210743033692	3.3023444490835647	475	0.8758770579357273	41509031431766.15
SRP012682	nerve	UQ	0.24240896094070974	0.5399843524725938	0.46129934088287383	335	0.8983040598566469	30490143371729.26
SRP012682	ovary	UQ	0.527203576132608	0.5617003554573863	1.0431767099502363	108	0.8929019389320334	16778882363032.21
SRP012682	pancreas	UQ	1.65903107837639	0.6624221003770394	3.4950166848759388	197	0.9071555030828208	25331676437836.96
SRP012682	prostate	UQ	0.5612639423712612	0.5619307627396957	0.8976783473586746	119	0.8348637170990683	19232108739791.59
SRP012682	skin	UQ	1.1610502796924433	0.6432139974171456	2.0527435672373557	972	0.8240569875401347	27032090903840.29
SRP012682	spleen	UQ	1.4039978980730272	0.6895692615107123	2.297605942795459	118	0.9159208419930962	14346446068866.951
SRP012682	testis	UQ	0.6544681057124242	0.5876969643932775	1.2275461704302961	203	0.8975121198521843	28511044450967.555
SRP012682	uterus	UQ	0.6026164832698434	0.5736735258202899	1.0392256117645575	90	0.8770981722633059	15946606709973.91
SRP012682	adipose_tissue	UQ_CLR	1.005882079710274	0.639071128268565	1.906599846006117	620	0.8506274146438043	30066501410326.83
SRP012682	blood	UQ_CLR	0.6081463422799663	0.6010202759250589	1.1163534283499876	595	0.8210499606496351	47563257529617
SRP012682	bone_marrow	UQ_CLR	0.13445564126192064	0.5085392855174398	-0.35661849144674196	102	0.9928019473064187	42049900457199.79
SRP012682	brain	UQ_CLR	0.44938766348084813	0.5630944490440619	0.8399116931272634	1409	0.7523762664025219	46066048954458.94
SRP012682	breast	UQ_CLR	0.5561241730105434	0.581328209094174	1.066442339322296	218	0.8302414835111974	18879247457177.68
SRP012682	cervix_uteri	UQ_CLR	0.5499806558378209	0.5886369387403434	0.7298664673891017	11	0.8542408684699819	5000055391623.473
SRP012682	colon	UQ_CLR	-0.06868206067510994	0.5000857608624827	-0.07749883312520403	376	0.8005994571042859	19519544599157.188
SRP012682	fallopian_tube	UQ_CLR	2.0479958276212087	0.7867970485606612	2.546160771890153	7	0.8610602932806956	23996813030299.906
SRP012682	heart	UQ_CLR	1.6403539882191782	0.6682672685876874	3.59415769234913	489	0.8295588197843352	39369470293725.52
SRP012682	kidney	UQ_CLR	0.5761339738927462	0.5772128124144231	1.1894163518703063	36	0.7985829147013058	22272752539960.25
SRP012682	liver	UQ_CLR	1.2555786905942135	0.6624238207311386	2.7960469726204007	136	0.8611651199044741	43479116110667.48
SRP012682	lung	UQ_CLR	0.6083183075376545	0.589491927208659	1.5267208771325385	374	0.8357935494798248	43149889822933.25
SRP012682	muscle	UQ_CLR	1.3976910640324327	0.6845446987551895	2.8776055486124266	475	0.8758770579357273	41509031431766.15
SRP012682	nerve	UQ_CLR	0.2681850902646847	0.5410685774691899	0.5094679634391597	335	0.8983040598566469	30490143371729.26
SRP012682	ovary	UQ_CLR	0.5167601350744476	0.5656726231103519	0.8846115706724719	108	0.8929019389320334	16778882363032.21
SRP012682	pancreas	UQ_CLR	1.5298641626794938	0.6597358654308216	3.3795394674560026	197	0.9071555030828208	25331676437836.96
SRP012682	prostate	UQ_CLR	0.5988223345102048	0.5684781627755129	1.1871849645536594	119	0.8348637170990683	19232108739791.59
SRP012682	skin	UQ_CLR	1.200438770792351	0.6497183281877028	2.1145828210552184	972	0.8240569875401347	27032090903840.29
SRP012682	spleen	UQ_CLR	1.4594804781101136	0.6915186504919681	2.6455897094478207	118	0.9159208419930962	14346446068866.951
SRP012682	testis	UQ_CLR	0.7101438226332303	0.588386025404489	1.3047140309527558	203	0.8975121198521843	28511044450967.555
SRP012682	uterus	UQ_CLR	0.5960086908548677	0.575368272770092	1.0858757050633787	90	0.8770981722633059	15946606709973.91
